image,split,plate_text,source
gi_a_377b225b-e978-4e7c-8e5e-f10d8effc336___Maruti-Suzuki-Ignis-Rear-view-94486.jpg.jpeg,train,HR26DA0471,gi_a
olx_UP_UP10.jpg,train,UP78DB3730,olx_UP
olx_GJ_GJ24.jpg,train,GJ23CC8798,olx_GJ
olx_BR_BR9.jpg,train,BR01AW1250,olx_BR
gi1_a_car-wbs-MH01BU5207_00000.jpeg,train,MH01BU5207,gi1_a
vi_a_video11_2660.jpg,train,MH03BS4060,vi_a
vi1_a_video9_120.jpg,train,MH01DT1917,vi1_a
olx_BR_BR4.jpg,train,BR06U2470,olx_BR
olx_CG_CG20.jpg,train,CG251612,olx_CG
gi_a_c8a79e91-8c48-42d0-9b80-137fd033493c___automakers-number-plates-nitin-gadkari_827x510_61522653557.jpg.jpeg,train,MH14TC947,gi_a
vi1_a_video3_1870.jpg,train,MH02EU4077,vi1_a
gi_a_3c0a3772-d18d-4ff7-861c-7e50b7974edb___1393874-take-look-number-plate-imageuploadedbyteambhp1437414250.447892.jpg.jpeg,train,GJW115A1138,gi_a
vi1_a_video3_640.jpg,train,MH02ER9194,vi1_a
gi1_a_car-wbs-KL54A2670_00000.png,train,KL54A2670,gi1_a
olx_PY_PY14.jpg,train,PY01CV2447,olx_PY
gi1_a_car-wbs-KA03MG2784_00000.png,train,KA03MG2784,gi1_a
olx_TS_TS6.jpg,train,TS18T3899,olx_TS
gi1_a_car-wbs-KL10AW2111_00000.jpeg,train,KL10AW2111,gi1_a
gi_a_b79f870d-15c7-48e3-8874-7c0e53e29f75___3e7fd381-0ae5-4421-8a70-279ee0ec1c61_754eab882b8290b29a0454dd45580a39_555X416_1_-_Copy.jpg,train,DUSTER,gi_a
vi1_a_video4_2720.jpg,train,MH01AV7461,vi1_a
olx_JH_JH1.jpg,train,JH01Z3792,olx_JH
gi_a_acd85f93-544d-494e-b2f3-2d445937bb0b___new_1431956d1446017445-number-plates-merchandise-canvas-ink-gurgaon-edit-closed-thumb_img_4418_1024.jpg.jpeg,train,MH03BS7778,gi_a
gi_a_93b6ca4e-17cc-4b12-b7f5-66fb37c6107c___number-plate-factory-fitted1.jpg.jpeg,train,HR26DG6167,gi_a
vi_a_video11_2680.jpg,train,MH03BS4060,vi_a
olx_KA_KA8.jpg,train,KA51D9662,olx_KA
vi1_a_video6_930.jpg,train,MH02DS9365,vi1_a
olx_MH_MH13.jpg,train,MH05BS3471,olx_MH
gi1_a_fc1f58f0-2f54-4545-8915-2936d08dcce1___new_Skoda_Laura_DSG_Long_Term_Review-125.jpg.jpeg,train,MH20BN3525,gi1_a
gi_a_93b6319a-5886-48d8-8a69-07d586751553___2014-VW-Polo-facelift-first-drive-rear-number-plate.jpg.jpeg,train,TN02TC0143,gi_a
olx_PY_PY5.jpg,train,PY01AW2814,olx_PY
gi1_a_ef2dc97f-bc6d-49a3-9ddb-03f54f3a20e7___Skoda-Rapid-new-Exterior-84398.jpg.jpeg,train,MH20EE0943,gi1_a
olx_AP_AP14.jpg,train,AP10AS3445,olx_AP
vi_a_video11_4470.jpg,train,MH02MA5324,vi_a
vi1_a_video3_1120.jpg,train,MH02EK4399,vi1_a
gi1_a_dfedf2ad-6596-48d4-a7f6-171e55c8f637___1160575d1383218860-high-security-registration-plates-hsrp-india-wp_20131030_16_01_22_pro.jpg.jpeg,train,GJ051D9443,gi1_a
vi1_a_video3_610.jpg,train,MH02ER9194,vi1_a
vi1_a_video8_2100.jpg,train,MH02CR8276,vi1_a
gi_a_07bd977e-d578-49a2-b345-7cee5a4db6bf___new_1031520d1356604430-skoda-rapid-joins-family-edit-sold-wp_000281.jpg.jpeg,train,MH12JC2813,gi_a
vi_a_video11_210.jpg,train,MH43BK9513,vi_a
olx_TS_TS16.jpg,train,TS07HM2684,olx_TS
olx_KA_KA21.jpg,train,KA28M3589,olx_KA
olx_GJ_GJ21.jpg,train,GJ12CG2526,olx_GJ
vi_a_video12_70.jpg,train,MH02BG9542,vi_a
vi1_a_video3_1650.jpg,train,MH02EE8407,vi1_a
olx_UP_UP4.jpg,train,UP16U3849,olx_UP
gi_a_a285cdf6-4640-41ee-b3f3-b721f334466f___Skoda-Octavia-RS-launched-in-India-3.jpg.jpeg,train,MH20EE7598,gi_a
vi_a_video11_3630.jpg,train,MH03AT3856,vi_a
olx_AP_AP15.jpg,train,AP28AT5333,olx_AP
olx_GJ_GJ25.jpg,train,GJ01HM5887,olx_GJ
vi1_a_video9_310.jpg,train,MH02FN2783,vi1_a
olx_OD_OD24.jpg,train,OD02J0435,olx_OD
olx_MH_MH18.jpg,train,MH12HN4507,olx_MH
olx_AP_AP5.jpg,train,AP39TP0211,olx_AP
olx_ML_ML23.jpg,train,ML05R1934,olx_ML
vi_a_video11_4450.jpg,train,MH02MA5324,vi_a
vi_a_video11_4670.jpg,train,MH01AX3070,vi_a
vi_a_video11_4440.jpg,train,MH02MA5324,vi_a
gi_a_0073797c-a755-4972-b76b-8ef2b31d44ab___new_IMG_20160315_071740.jpg.jpeg,train,KA19TR02,gi_a
vi1_a_video3_1880.jpg,train,MH02EU4077,vi1_a
vi_a_video11_2630.jpg,train,MH47Y1124,vi_a
vi_a_video10_670.jpg,train,DL3CCQ0107,vi_a
vi1_a_video4_2260.jpg,train,MH01CT9150,vi1_a
olx_KL_KL19.jpg,train,KL43D4389,olx_KL
vi1_a_video8_2480.jpg,train,MH4705851,vi1_a
olx_NL_NL7.jpg,train,NL01T8152,olx_NL
vi1_a_video8_1440.jpg,train,MH4705851,vi1_a
olx_OD_OD13.jpg,train,OD052323,olx_OD
vi_a_video11_1240.jpg,train,MH47Y1124,vi_a
gi_a_13ffaad4-a186-46bd-ae5d-924d1c8d7c50___maruti-suzuki-Baleno-RS-pics-48.jpg.jpeg,train,HR26DA5443,gi_a
vi1_a_video3_1050.jpg,train,ME02EE4077,vi1_a
gi1_a_e354039f-d73c-4f12-9df5-f0129345fa79___scorpio.JPG.jpeg,train,KA01D1330,gi1_a
olx_AS_AS13.jpg,train,AS25S6858,olx_AS
olx_KA_KA9.jpg,train,KA01MB9714,olx_KA
vi_a_video2_1820.jpg,train,DL8CN6308,vi_a
olx_AS_AS23.jpg,train,AS19D9919,olx_AS
olx_UK_UK6.jpg,train,UK07055789,olx_UK
vi_a_video10_920.jpg,train,MH01AU0059,vi_a
gi_a_59a29a85-30f5-469e-a6c2-e1af171f151c___3e7fd381-0ae5-4421-8a70-279ee0ec1c61_10187746494_417a40a489_-_Copy.jpg,train,TN21AU7234,gi_a
gi_a_7616cb19-df24-4d29-b679-5252391a547f___Skoda-Laura-rear.jpg.jpeg,train,MH01AR5274,gi_a
vi1_a_video4_3820.jpg,train,MH02DW8021,vi1_a
vi1_a_video4_1100.jpg,train,GJ12FA0735,vi1_a
gi1_a_fac9f4e6-c4b9-4872-86da-79d58ea2adc5___5273.jpg_-_Copy.jpeg,train,UP16AB3726,gi1_a
vi1_a_video3_1920.jpg,train,MH01BD2186,vi1_a
olx_AS_AS18.jpg,train,AS04P4549,olx_AS
vi1_a_video3_1460.jpg,train,MH14DX9938,vi1_a
vi_a_video11_1050.jpg,train,MH47Y1124,vi_a
olx_KA_KA25.jpg,train,KA38M8037,olx_KA
olx_PY_PY8.jpg,train,PY01BD9020,olx_PY
olx_PB_PB9.jpg,train,PB35F9333,olx_PB
olx_TN_TN6.jpg,train,TN19F0816,olx_TN
gi_a_8edca6de-d964-4027-823d-f70d3f872412___12042943_1003224833031653_9073848483429898813_n.jpg.jpeg,train,KL55R2473,gi_a
vi_a_video11_4030.jpg,train,MH01BM4824,vi_a
vi1_a_video4_2580.jpg,train,MH01BU1852,vi1_a
gi1_a_car-wbs-RJ02CC0784_00000.jpg,train,RJ02CC0784,gi1_a
olx_ML_ML7.jpg,train,ML069642,olx_ML
olx_OD_OD15.jpg,train,OD05Y5787,olx_OD
olx_TR_TR8.jpg,train,TR01E2157,olx_TR
vi1_a_video2_220.jpg,train,MH02EU4884,vi1_a
olx_DL_DL13.jpg,train,DL12CJ9823,olx_DL
gi_a_6f680368-4a15-464a-b314-7f9cd0f3db11___91852d1232463201-high-security-registration-plates-hsrp-india-num1.jpg.jpeg,train,KL01AU585,gi_a
gi1_a_car-wbs-MH12DE1433_00001.jpeg,train,MH12DE1433,gi1_a
gi1_a_f7ba7a93-e8d7-4253-b327-d87e3f2bb747___3e7fd381-0ae5-4421-8a70-279ee0ec1c61_2013-Nissan-Terrano-Rear.jpg,train,TN19TC94,gi1_a
vi_a_video11_1030.jpg,train,MH47Y1124,vi_a
vi_a_video11_2740.jpg,train,MH03BS4060,vi_a
olx_JH_JH3.jpg,train,JH01DB1881,olx_JH
gi_a_b79f870d-15c7-48e3-8874-7c0e53e29f75___3e7fd381-0ae5-4421-8a70-279ee0ec1c61_754eab882b8290b29a0454dd45580a39_555X416_1_-_Copy_(2).jpg,train,HR26CP3135,gi_a
olx_UK_UK5.jpg,train,UK106679,olx_UK
olx_RJ_RJ9.jpg,train,RJ20UB0137,olx_RJ
gi_a_9f7c7dce-f9c9-4c95-a053-8f16e6e99466___new_new-maruti-alto-k10-2_625x300_41414071192.jpg.jpeg,train,HR26CT6702,gi_a
gi_a_8906af57-0d29-417d-ac46-408425527b57___VW-Vento-TDI-CNG-Spy-Pic-2.jpg.jpeg,train,MH14TCF300,gi_a
olx_OD_OD23.jpg,train,OR21E1033,olx_OD
olx_TN_TN10.jpg,train,TN69AJ4455,olx_TN
olx_PY_PY17.jpg,train,PY02S9326,olx_PY
gi_a_6767eddd-bf2f-4270-aa1f-6146738895ab___3e7fd381-0ae5-4421-8a70-279ee0ec1c61_Nissan-Terrano-20300.jpg,train,RJ27TC0530,gi_a
olx_JK_JK26.jpg,train,JK02AG2454,olx_JK
gi_a_266d82c7-1b64-44cd-b77c-c08d98175390___3e7fd381-0ae5-4421-8a70-279ee0ec1c61_5c752daa8d168dec865fe0462bf2c0bb_large.jpg,train,MH21V9926,gi_a
vi1_a_video3_560.jpg,train,MH02ER9194,vi1_a
gi_a_2adfb5e7-e70a-4749-b5fa-8c233c0d47d9___new_1572920d1478091901-your-favourite-number-plate-font-jetta-german-font.jpg.jpeg,train,MH14EU3498,gi_a
vi_a_video11_3320.jpg,train,MH02BQ9628,vi_a
olx_ML_ML37.jpg,train,ML08E9223,olx_ML
gi1_a_car-wbs-KL10AW2814_00000.jpeg,train,KL10AW2814,gi1_a
olx_PY_PY4.jpg,train,PY02S7828,olx_PY
gi1_a_car-wbs-TN07BU5427_00000.jpeg,train,TN07BU5427,gi1_a
vi1_a_video3_1790.jpg,train,MH02BT6482,vi1_a
gi1_a_fda5760a-c6ff-43a9-8ce7-61e808f109ea___3e7fd381-0ae5-4421-8a70-279ee0ec1c61_nissan_terrano_ii_nissan_terrano_ii_2_7_tdi_se_4x4_3330085523722771900.jpg,train,HD02NP0,gi1_a
olx_KA_KA24.jpg,train,KA25P5080,olx_KA
olx_WB_WB16.jpg,train,WB06J9177,olx_WB
olx_MP_MP1.jpg,train,MP04CL3546,olx_MP
gi1_a_car-wbs-MH14EH5819_00000.jpeg,train,MH14EH5819,gi1_a
vi1_a_video8_950.jpg,train,MH04CT3566,vi1_a
gi_a_ad1f5cbc-7545-407e-8974-a03ddb7b7779___833542696_1_1080x720_mahindra-scorpio-vlx-4wd-airbag-bs-iv-2012-diesel-.jpg.jpeg,train,TN28BA9999,gi_a
vi_a_video11_1880.jpg,train,MH47Y1124,vi_a
gi1_a_e706cec0-783a-42bc-b934-64788481cd92___4-Innova-After-2.jpg.jpeg,train,MH04DW8351,gi1_a
vi_a_video10_830.jpg,train,MH05EJ3005,vi_a
gi_a_730a2f83-cd53-4943-8922-af9d4fcad415___new_2.jpg,train,DL1N4268,gi_a
olx_BR_BR15.jpg,train,BR01BR5435,olx_BR
gi_a_69b56ab9-accd-4c67-aa7a-a884c018e5ab___speedex-number-plates-nandanam-chennai-car-number-plate-dealers-3zh7n2s.jpg.jpeg,train,KL54H369,gi_a
gi1_a_ed6ee171-691a-4563-a79d-4f47d8ce9f85___Maruti-Suzuki-SCross-Exterior-80675.jpg.jpeg,train,HPSX4000,gi1_a
vi1_a_video6_940.jpg,train,MH02DS9365,vi1_a
gi1_a_fbc107b7-13d8-4a2d-b8be-7c96bd7d609c___new_9214a754343030395508e104d7948167_large.jpg.jpeg,train,PB08CX2959,gi1_a
vi_a_video10_1070.jpg,train,MH03DV2010,vi_a
vi_a_video11_1650.jpg,train,MH02BQ9628,vi_a
vi1_a_video2_4510.jpg,train,MH02BT6482,vi1_a
vi1_a_video3_2250.jpg,train,MH02BT6482,vi1_a
vi_a_video11_3290.jpg,train,MH05DK1018,vi_a
vi_a_video11_2640.jpg,train,MH03BS4060,vi_a
olx_JH_JH5.jpg,train,JH09AA2570,olx_JH
vi1_a_video4_3310.jpg,train,MH01AL9693,vi1_a
olx_AS_AS2.jpg,train,AS07AC6653,olx_AS
vi1_a_video3_1700.jpg,train,MH02EE8407,vi1_a
vi_a_video10_940.jpg,train,MH01AU0059,vi_a
gi_a_5231116f-7a07-4ce2-b437-d34b497e7969___3e7fd381-0ae5-4421-8a70-279ee0ec1c61_844329566_3_1080x720_nissan-terrano-xe-d-2014-diesel-.jpg,train,HR11F7575,gi_a
gi_a_26cfb3dd-3731-4fd0-a6c2-c44e3ce7498a___used_cars_in_keralaused_bikes_in_keralaautomotive_news7.jpg.jpeg,train,KL20K7561,gi_a
vi1_a_video6_920.jpg,train,MH02DS9365,vi1_a
olx_ML_ML24.jpg,train,ML0563550,olx_ML
olx_GA_GA13.jpg,train,GA07K6090,olx_GA
olx_WB_WB17.jpg,train,WB02AJ4534,olx_WB
olx_DL_DL15.jpg,train,DL8CZ7230,olx_DL
olx_SK_SK4.jpg,train,SK01PA4521,olx_SK
vi_a_video11_1670.jpg,train,MH02BQ9628,vi_a
olx_NL_NL5.jpg,train,NL07CA7631,olx_NL
olx_AP_AP40.jpg,train,AP04BA4464,olx_AP
olx_AP_AP1.jpg,train,AP05BY7799,olx_AP
vi_a_video11_2070.jpg,train,MH47Y1124,vi_a
gi_a_c02b3989-8334-4cf7-b69c-bcd177e209d4___mqdefault.jpg.jpeg,train,TN99F2378,gi_a
vi1_a_video6_840.jpg,train,MH02DS9365,vi1_a
gi_a_6ec9d264-9eab-4027-bdcc-6f71c842ee75___3e7fd381-0ae5-4421-8a70-279ee0ec1c61_846635891_1_1080x720_nissan-terrano-xl-d-thp-110-ps-2013-diesel-dehra-dun.jpg,train,UK07BA7252,gi_a
vi_a_video11_4650.jpg,train,MH01AX3070,vi_a
gi_a_40204d5c-c847-4437-90db-3e2d05a27761___33.jpg.jpeg,train,WB07D5106,gi_a
olx_SK_SK10.jpg,train,SK01PB5004,olx_SK
vi1_a_video4_3320.jpg,train,MH01AL9693,vi1_a
vi_a_video2_1360.jpg,train,MH01DP5662,vi_a
vi_a_video11_3350.jpg,train,MH02BQ9628,vi_a
gi1_a_car-wbs-MH14DT8831_00000.jpeg,train,MH14DT8831,gi1_a
olx_HP_HP14.jpg,train,HP3SG1539,olx_HP
vi_a_video11_3750.jpg,train,MH03AF1911,vi_a
olx_AN_AN1.jpg,train,AN01P9687,olx_AN
vi1_a_video8_1350.jpg,train,MH01BG7161,vi1_a
vi1_a_video5_500.jpg,train,MH03CS6266,vi1_a
gi1_a_car-wbs-TN28BA9999_00000.jpeg,train,TN28BA9999,gi1_a
olx_NL_NL3.jpg,train,NL078440,olx_NL
vi_a_video11_2650.jpg,train,MH03BS4060,vi_a
olx_MP_MP3.jpg,train,MP65C0654,olx_MP
olx_JK_JK17.jpg,train,JK02AS3888,olx_JK
vi1_a_video8_930.jpg,train,MH02CD7733,vi1_a
vi1_a_video8_860.jpg,train,MH01BT0050,vi1_a
vi1_a_video3_1100.jpg,train,MH02EE8407,vi1_a
vi1_a_video4_2150.jpg,train,MH04DW9020,vi1_a
vi_a_video10_650.jpg,train,DL3CCQ0107,vi_a
vi_a_video11_3720.jpg,train,MH03DK2961,vi_a
olx_CG_CG1.jpg,train,CG04HD6930,olx_CG
olx_ML_ML1.jpg,train,ML05F6894,olx_ML
gi_a_4be1ff39-b2ad-45e0-9c9a-0e7215cbb5b6___2.jpg.jpeg,train,MH12DE1433,gi_a
olx_PY_PY2.jpg,train,PY01CM9549,olx_PY
vi1_a_video2_5300.jpg,train,MH02BT6482,vi1_a
vi_a_video11_1590.jpg,train,MH02BQ9628,vi_a
vi_a_video11_2550.jpg,train,MH04JL5547,vi_a
olx_WB_WB15.jpg,train,WB12AX2987,olx_WB
vi_a_video11_3690.jpg,train,MH03AR7140,vi_a
vi1_a_video6_200.jpg,train,PB11AG0774,vi1_a
olx_DL_DL5.jpg,train,DL12CN8660,olx_DL
gi1_a_car-wbs-MH02CB4545_00000.jpeg,train,MH02CB4545,gi1_a
gi_a_c795950c-766a-4a2e-9636-62d663d6f06b___62bf1edb36141f114521ec4bb4175579.jpg.jpeg,train,GJ7BB766,gi_a
olx_HP_HP20.jpg,train,HP2020TR6255G,olx_HP
vi1_a_video3_2220.jpg,train,MH02BT6482,vi1_a
olx_ML_ML31.jpg,train,ML05J8950,olx_ML
gi_a_967ba4a0-eb8e-4734-aa09-c7143d0404b6___39720161008_150234.jpg.jpeg,train,MH02BM5048,gi_a
vi_a_video10_980.jpg,train,MH01AU0059,vi_a
vi1_a_video3_1210.jpg,train,MH02BT6482,vi1_a
vi_a_video11_2770.jpg,train,MH03BS4060,vi_a
gi1_a_car-wbs-TN21BC6225_00000.png,train,TN21BC6225,gi1_a
vi_a_video2_1430.jpg,train,MH02EN6828,vi_a
gi1_a_d1115e64-987f-4a72-b9bb-853f67ca37b6___new_2014-Volkswagen-Polo-Review.jpg.jpeg,train,MH14EH7958,gi1_a
vi1_a_video5_480.jpg,train,MH03CS6266,vi1_a
gi_a_6d69b523-72b7-4be9-a79f-428ef8148dcd___81auoS-H8eL._SX425_.jpg.jpeg,train,GJ01MW7581,gi_a
olx_PB_PB25.jpg,train,PB10CK5005,olx_PB
olx_AP_AP42.jpg,train,AP31TV6847,olx_AP
olx_DN_DN5.jpg,train,DN09D2724,olx_DN
vi_a_video2_310.jpg,train,MH02EU4884,vi_a
olx_AS_AS1.jpg,train,AS23H2866,olx_AS
olx_DN_DN3.jpg,train,DN09H0968,olx_DN
olx_AP_AP41.jpg,train,AP5CG6320,olx_AP
gi1_a_car-wbs-MH03BS7778_00001.jpeg,train,MH03BS7778,gi1_a
vi1_a_video5_510.jpg,train,MH03CS6266,vi1_a
gi1_a_ec4bde57-11dd-4d59-96ae-b5d3b28afda5___Maruti-Suzuki-Celerio-Back-Number-Plates-Design.jpg.jpeg,train,KL10AW2814,gi1_a
olx_WB_WB6.jpg,train,WB02AH4655,olx_WB
vi_a_video11_2600.jpg,train,MH47Y1124,vi_a
gi_a_18f2e55e-0724-4eee-a28e-5d552a5aa045___20455d0e2dca458f13fbf4da5a2dc118.jpg_-_Copy.jpeg,train,HP896786,gi_a
olx_NL_NL6.jpg,train,NL02C9593,olx_NL
olx_HR_HR5.jpg,train,HR26CC7676,olx_HR
gi1_a_e4907f73-1fbc-412c-a766-9c81bb31449c___2016-Chevrolet-TrailBlazer-India-Test-Drive-Review-e1442832290349.jpg.jpeg,train,GJ17TC214,gi1_a
olx_TR_TR2.jpg,train,TR03H0259,olx_TR
vi1_a_video3_2200.jpg,train,MH02BT6482,vi1_a
gi1_a_car-wbs-MH14EH7958_00000.jpeg,train,MH14EH7958,gi1_a
olx_OD_OD6.jpg,train,OR08F1001,olx_OD
vi_a_video2_3600.jpg,train,MH02AQ2299,vi_a
vi1_a_video5_90.jpg,train,MH03CS6266,vi1_a
olx_UP_UP15.jpg,train,UP79L0567,olx_UP
gi1_a_car-wbs-TN19S4523_00000.png,train,TN19S4523,gi1_a
vi1_a_video4_3850.jpg,train,MH02DW8021,vi1_a
vi_a_car-ybs-MH47N4570_00001.png,train,MH47N4570,vi_a
vi1_a_video8_1110.jpg,train,MH03AM3025,vi1_a
olx_GJ_GJ4.jpg,train,GJ06JE4788,olx_GJ
gi_a_b266759c-f9e9-47c1-9042-4c7aef7d441d___1711769d1514801394t-toyota-innova-crysta-2-4-gx-ownership-review-edit-10-000-km-service-done-vs.jpg.jpeg,train,KA21M5519,gi_a
olx_KL_KL16.jpg,train,KL43D4444,olx_KL
vi1_a_video5_100.jpg,train,MH03CS6266,vi1_a
gi_a_7506a48d-2c70-4b12-b300-463754bc7837___165979d1427773878-new-volkswagen-vento-2016-launched-india-vw-vento-facelift-rear-india-spotted-test.jpg.jpeg,train,MH14TCF459,gi_a
olx_KA_KA4.jpg,train,KA38M8037,olx_KA
olx_MP_MP8.jpg,train,MP09CQ9712,olx_MP
olx_GJ_GJ6.jpg,train,GJ06FK2977,olx_GJ
olx_RJ_RJ4.jpg,train,RJ20CD5118,olx_RJ
vi1_a_video5_110.jpg,train,MH03CS6266,vi1_a
vi1_a_video6_1100.jpg,train,MH02DS9365,vi1_a
vi_a_video10_1390.jpg,train,MH43AR5466,vi_a
vi1_a_video9_290.jpg,train,MH02FN2783,vi1_a
olx_HR_HR7.jpg,train,HR01W0080,olx_HR
vi1_a_video6_910.jpg,train,MH02DS9365,vi1_a
olx_DL_DL27.jpg,train,DL10CA0986,olx_DL
olx_UK_UK4.jpg,train,UP23K0008,olx_UK
vi1_a_video4_3810.jpg,train,MH02DW8021,vi1_a
olx_MN_MN2.jpg,train,MN05A6028,olx_MN
vi_a_video11_1570.jpg,train,MH02BQ9628,vi_a
vi_a_video2_2870.jpg,train,MH03DA4505,vi_a
olx_CG_CG12.jpg,train,CG12AG1130,olx_CG
gi_a_c30a1535-9d8f-465e-a7f4-aa726f19f0b1___new-maruti-alto-k10-2_625x300_41414071192.jpg.jpeg,train,HR26CT6702,gi_a
vi_a_video10_1420.jpg,train,MH43AL8464,vi_a
vi1_a_video3_1950.jpg,train,MH02ER9194,vi1_a
olx_AP_AP19.jpg,train,AP04M7627,olx_AP
olx_HP_HP15.jpg,train,HP22E8000,olx_HP
gi_a_868b996f-1f40-47ca-8222-b0f2750d7010___3e7fd381-0ae5-4421-8a70-279ee0ec1c61_nissan-terrano-left-side-view.jpg,train,AS23M1264,gi_a
vi1_a_video9_300.jpg,train,MH48AW0091,vi1_a
vi1_a_video4_2640.jpg,train,MH01AV7461,vi1_a
olx_JK_JK34.jpg,train,JK10B2313,olx_JK
vi1_a_video2_4080.jpg,train,MH02BT6482,vi1_a
vi_a_video2_3370.jpg,train,MH03BS8519,vi_a
gi_a_c03a7106-1fb9-471f-bbb0-2e8f4a29759a___38e7b1109eb976088e1df2f14ac4c08c.jpg_-_Copy.jpeg,train,KL13AA6340,gi_a
vi1_a_video9_140.jpg,train,MH01DT1917,vi1_a
olx_ML_ML13.jpg,train,ML05H1958,olx_ML
vi1_a_video4_3330.jpg,train,MH01AL9693,vi1_a
vi1_a_video9_100.jpg,train,MH01DT1917,vi1_a
vi_a_video11_2670.jpg,train,MH03BS4060,vi_a
vi_a_video11_1900.jpg,train,MH47Y1124,vi_a
olx_HP_HP1.jpg,train,HP12H1324,olx_HP
vi_a_video11_3920.jpg,train,MH01DB2561,vi_a
olx_ML_ML25.jpg,train,ML04B8389,olx_ML
vi1_a_video9_280.jpg,train,MH02FN2783,vi1_a
vi1_a_video2_5260.jpg,train,MH02BT6482,vi1_a
vi1_a_video3_2180.jpg,train,MH02BT6482,vi1_a
gi_a_be483d11-33f0-4c1f-87b6-9844eea28996___1093346d1370435964-take-look-number-plate-photo.jpg.jpeg,train,KA5122727,gi_a
olx_KA_KA5.jpg,train,KA53P7604,olx_KA
olx_OD_OD25.jpg,train,OD02AP3010,olx_OD
olx_JK_JK2.jpg,train,JK02BJ7997,olx_JK
vi_a_video2_3740.jpg,train,MH47N2829,vi_a
gi1_a_car-wbs-MH20BY4465_00000.jpeg,train,MH20BY4465,gi1_a
vi1_a_video3_1670.jpg,train,MH02EE8407,vi1_a
olx_UK_UK2.jpg,train,UK06CB4595,olx_UK
olx_AS_AS11.jpg,train,AS01DS7523,olx_AS
gi_a_c06d4d42-591f-429e-92b4-20e701f89c14___2014-VW-Polo-facelift-spied-India-rear.jpg.jpeg,train,MH14TCF460,gi_a
vi_a_video11_1620.jpg,train,MH02BQ9628,vi_a
vi1_a_video9_260.jpg,train,MH02FN2783,vi1_a
olx_TN_TN4.jpg,train,TN10AR0131,olx_TN
vi1_a_video4_2120.jpg,train,MH04DW9020,vi1_a
gi_a_bd742e42-bacc-430e-b9aa-9df666f5d9b3___kicker-647_010517112446.jpg.jpeg,train,AP28N3107,gi_a
vi1_a_video4_2250.jpg,train,MH01CT9150,vi1_a
vi_a_video11_2180.jpg,train,MH47AV6753,vi_a
gi1_a_car-wbs-KL55R2473_00000.jpeg,train,KL55R2473,gi1_a
vi_a_video11_1870.jpg,train,MH47Y1124,vi_a
gi1_a_car-wbs-TN07BV5200_00000.jpeg,train,TN07BV5200,gi1_a
vi_a_video11_3730.jpg,train,MH03DK2961,vi_a
olx_DL_DL34.jpg,train,DL8CNA5085,olx_DL
vi_a_video11_4720.jpg,train,MH03CP1328,vi_a
vi_a_video10_150.jpg,train,MH02EK0837,vi_a
vi1_a_video4_3840.jpg,train,MH02DW8021,vi1_a
olx_MH_MH26.jpg,train,MH12HF5057,olx_MH
vi_a_video12_60.jpg,train,MH02BG9542,vi_a
olx_WB_WB28.jpg,train,WB02AM8548,olx_WB
gi_a_581e2224-3640-4bad-9d90-c2076a9f64f4___617609.jpg.jpeg,train,KA03MX5058,gi_a
gi_a_c2feb2b7-fbb3-4e1e-ad48-cc8112a1ab3f___Maruti_R3_On_Test.jpg.jpeg,train,HR99HA4575,gi_a
vi1_a_video4_340.jpg,train,MH04GM7982,vi1_a
gi1_a_car-wbs-TN21AU1153_00000.png,train,TN21AU1153,gi1_a
olx_AN_AN7.jpg,train,AN01H0908,olx_AN
vi1_a_video2_820.jpg,train,MH02BR4503,vi1_a
vi1_a_video4_50.jpg,train,MH02DN6980,vi1_a
gi1_a_fbb2b3ed-4db1-4d4c-8d4d-4b80b02bfd2a___3e7fd381-0ae5-4421-8a70-279ee0ec1c61_01640f5edbbfb564a9ab6486b31d1554_large.jpg,train,RJ09C84382,gi1_a
olx_HP_HP2.jpg,train,HP16A2014,olx_HP
vi_a_video11_3340.jpg,train,MH02BQ9628,vi_a
gi_a_18d2b870-7817-46da-a59a-6406c1b472c9___1033.png,train,KA51MJ8156,gi_a
vi_a_video11_2040.jpg,train,MH47Y1124,vi_a
olx_TS_TS15.jpg,train,TS13EK6213,olx_TS
olx_HP_HP13.jpg,train,HP34C8986,olx_HP
vi_a_video10_990.jpg,train,MH01AU0059,vi_a
olx_ML_ML11.jpg,train,ML05L1434,olx_ML
vi1_a_video8_760.jpg,train,MH01CR7388,vi1_a
gi_a_8da5183c-275f-4294-a5a8-276e10ac5ad0___3e7fd381-0ae5-4421-8a70-279ee0ec1c61_nissan-terrano-amt_827x510_81478504265.jpg,train,DL14CTC0153,gi_a
olx_MH_MH10.jpg,train,MH11CQ8516,olx_MH
olx_NL_NL8.jpg,train,NL07T0937,olx_NL
olx_JH_JH9.jpg,train,JH01BU9956,olx_JH
olx_KA_KA19.jpg,train,KA03MQ6984,olx_KA
olx_PB_PB27.jpg,train,PB65AN2583,olx_PB
olx_DL_DL3.jpg,train,DL8CAU6883,olx_DL
vi1_a_video5_80.jpg,train,MH03CS6266,vi1_a
vi1_a_video5_400.jpg,train,MH03CS6266,vi1_a
gi_a_28574c06-ac11-422e-864f-a51b726bb9ba___3e7fd381-0ae5-4421-8a70-279ee0ec1c61_hqdefault0.jpg,train,RJ27TC0530,gi_a
vi_a_video11_1580.jpg,train,MH02BQ9628,vi_a
gi_a_684f079f-6085-420c-8e4e-e1aed270fc05___Toyota-Fortuner-Number-Plates-Design.jpg.jpeg,train,KL53E964,gi_a
vi1_a_video9_110.jpg,train,MH01DT1917,vi1_a
gi_a_2153dfcb-5968-4bfc-86ba-7ee8ec2d25b1___163231d1425035435-skoda-rapid-tdi-remapped-code-6-tuning-ind-front.jpg.jpeg,train,TN07BV5200,gi_a
olx_JK_JK10.jpg,train,JK02AK8967,olx_JK
olx_PB_PB22.jpg,train,PB06AN6162,olx_PB
vi1_a_video6_950.jpg,train,MH02DS9365,vi1_a
olx_JK_JK20.jpg,train,JK02BJ4045,olx_JK
gi_a_5747d3e8-4dd0-435f-942d-34b84f03344c___Maruti-Suzuki-Swift-Number-Plates-Design.jpg.jpeg,train,KL10AV6342,gi_a
olx_WB_WB2.jpg,train,WB02M8447,olx_WB
vi1_a_video2_4400.jpg,train,MH01AV8814,vi1_a
olx_ML_ML27.jpg,train,ML05K9494,olx_ML
gi_a_07064c2c-2aa3-4419-91a4-92916de8e54c___mahindra-scorpio-old-car-500x500.jpg.jpeg,train,MP09CP9052,gi_a
vi1_a_video4_3790.jpg,train,MH02DW8021,vi1_a
gi1_a_car-wbs-MH20EE7597_00000.jpeg,train,MH20EE7597,gi1_a
olx_WB_WB3.jpg,train,WB70G3763,olx_WB
olx_UP_UP3.jpg,train,UP80FA1666,olx_UP
olx_MH_MH24.jpg,train,MH04HF5092,olx_MH
olx_WB_WB8.jpg,train,WB06J4432,olx_WB
vi_a_video10_120.jpg,train,MH02EK0837,vi_a
vi1_a_video6_1010.jpg,train,MH02DS9365,vi1_a
gi_a_ab573806-1da7-4ccf-93c8-6082e0cc15c3___1107433d1373284570-my-modded-skoda-rapid-now-166-bhp-351-nm-119-whp-per-tonne-hdr_00005_normal.jpg.jpeg,train,TN07BU5427,gi_a
vi1_a_video6_1020.jpg,train,MH02DS9365,vi1_a
gi1_a_car-wbs-MH20DV2362_00000.jpeg,train,MH20DV2362,gi1_a
vi1_a_video6_1090.jpg,train,MH02DS9365,vi1_a
gi1_a_f20708c6-14cd-46ff-b8f1-6faef5fd8d2d___3e7fd381-0ae5-4421-8a70-279ee0ec1c61_Nissan-Terrano-20346.jpg,train,RJ27TC0530,gi1_a
vi_a_video11_4460.jpg,train,MH02MA5324,vi_a
vi1_a_video6_850.jpg,train,MH02DS9365,vi1_a
olx_NL_NL2.jpg,train,NL01CB433,olx_NL
gi1_a_car-wbs-MH20EE0943_00000.jpeg,train,MH20EE0943,gi1_a
gi_a_72894c2b-5999-4d87-baa4-e3507548e011___3e7fd381-0ae5-4421-8a70-279ee0ec1c61_847602356_1_1080x720_nissan-terrano-xl-d-2014-diesel-bilaspur.jpg,train,CG10S0650,gi_a
gi1_a_car-wbs-PB08CX2959_00000.jpeg,train,PB08CX2959,gi1_a
vi1_a_video6_1150.jpg,train,MH02DS9365,vi1_a
vi1_a_video8_1680.jpg,train,MH47AZ8323,vi1_a
vi_a_video2_1590.jpg,train,DL8CN6308,vi_a
olx_WB_WB19.jpg,train,WB061061,olx_WB
olx_OD_OD10.jpg,train,OD05K6964,olx_OD
vi_a_video11_3930.jpg,train,MH01DB2561,vi_a
vi1_a_video8_20.jpg,train,MH02CD3654,vi1_a
gi_a_8b9e7112-9149-48fb-b8e8-c3e89cce5af0___1074650_10201043987997310_227646612_o.jpg.jpeg,train,HR696969,gi_a
vi_a_video10_1060.jpg,train,MH03DV2010,vi_a
gi_a_1e7151e6-8626-4fb2-b7e8-0fb6a8fde713___3e7fd381-0ae5-4421-8a70-279ee0ec1c61_a19be5870f8f2593c994c465a691477e_555X416_1.jpg,train,RJ27TC0530,gi_a
olx_TR_TR7.jpg,train,TR03F0375,olx_TR
gi1_a_car-wbs-TN21BZ0768_00001.png,train,TN21BZ0768,gi1_a
vi_a_video11_1110.jpg,train,MH47Y1124,vi_a
olx_AP_AP16.jpg,train,AP39GR3492,olx_AP
olx_MH_MH21.jpg,train,MH04DR8508,olx_MH
olx_UK_UK1.jpg,train,UK08W2276,olx_UK
gi1_a_e1d7921f-5e58-46c7-b4f9-9fd4585508f1___IMG_9072.jpg.jpeg,train,GJ1KF1111,gi1_a
gi_a_car-wbs-DL12C3536_00000.jpeg,train,DL12C3536,gi_a
gi1_a_e663fa35-ce3c-401d-8451-30edd236b3e4___maxresdefault2.jpg.jpeg,train,KL49H5270,gi1_a
gi1_a_car-wbs-MH20CS4946_00000.jpeg,train,MH20CS4946,gi1_a
vi_a_video11_2080.jpg,train,MH47Y1124,vi_a
olx_TS_TS13.jpg,train,TS15ES0894,olx_TS
olx_OD_OD17.jpg,train,OD14B7432,olx_OD
vi1_a_video6_810.jpg,train,MH02DS9365,vi1_a
vi_a_video11_4390.jpg,train,MH02MA5324,vi_a
olx_CG_CG15.jpg,train,CG07BR3255,olx_CG
vi1_a_video8_660.jpg,train,MH010PO323,vi1_a
olx_TN_TN3.jpg,train,TN02AU9295,olx_TN
gi_a_6254bb73-d8a1-4f04-89a9-92caef98e233___1658240d1500548920-close-look-2017-skoda-octavia-facelift-hands-free-parking-front-bumper.jpg.jpeg,train,MH20EE7597,gi_a
vi1_a_video6_710.jpg,train,MHD1CV9311,vi1_a
vi_a_video10_1710.jpg,train,GJ15D0564,vi_a
olx_KA_KA16.jpg,train,KA03NC7167,olx_KA
vi_a_video11_1630.jpg,train,MH02BQ9628,vi_a
olx_JK_JK36.jpg,train,JK072483,olx_JK
vi1_a_video4_3200.jpg,train,MH01AX1113,vi1_a
olx_TR_TR3.jpg,train,TR02L0569,olx_TR
olx_GJ_GJ11.jpg,train,GJ06HS1855,olx_GJ
vi1_a_video4_2340.jpg,train,MH01CT9150,vi1_a
olx_JH_JH8.jpg,train,JH04C7104,olx_JH
gi1_a_car-wbs-KL07CB8599_00000.jpeg,train,KL07CB8599,gi1_a
gi_a_a508ecb5-bfdd-46ba-8640-bb827b7c089c___Volkswagen-Polo.jpg.jpeg,train,MH14EH5819,gi_a
olx_ML_ML32.jpg,train,ML10C2674,olx_ML
vi1_a_video3_40.jpg,train,MH01CT1710,vi1_a
olx_GJ_GJ8.jpg,train,GJ16CH9827,olx_GJ
olx_OD_OD18.jpg,train,OD22J9911,olx_OD
gi1_a_e77e5db3-2bc6-4223-a258-2334256be65e___new_205356-maruti-swift-torque-blue-vdi-ddis-glistening-rockstar-enters-home-img_7531.jpg.jpeg,train,TN38BW1139,gi1_a
gi_a_56b46df3-223c-42c8-a6bf-e95e5bac29cc___9214a754343030395508e104d7948167_large.jpg.jpeg,train,PB08CX2959,gi_a
vi1_a_video6_1060.jpg,train,MH02DS9365,vi1_a
vi_a_video11_770.jpg,train,MH01AX3070,vi_a
gi_a_1f0a7fe8-ac9b-4b54-9d55-e11f34f9f98b___9f6521b2ddb7b8e40ffd510966ffcca3.jpg.jpeg,train,KA42TC131011,gi_a
vi1_a_video4_2780.jpg,train,MH01AV7461,vi1_a
gi1_a_e750b959-1b5a-41bf-bf64-d8099089e909___3e7fd381-0ae5-4421-8a70-279ee0ec1c61_Nissan-Terrano-Duster-launch-dare-pics-price-interiors-images-1.jpg,train,TN19TC91,gi1_a
olx_AS_AS6.jpg,train,AS12S6951,olx_AS
gi1_a_d9023f53-f90d-4b98-bd52-30796777ddcf___Maruti-Suzuki-Baleno-hatchback-56545.jpg.jpeg,train,HR26TC5656,gi1_a
olx_ML_ML14.jpg,train,ML10B9308,olx_ML
olx_ML_ML35.jpg,train,ML05G3474,olx_ML
olx_MH_MH25.jpg,train,MH12FK1392,olx_MH
vi_a_video11_4800.jpg,train,MH03CP1328,vi_a
gi1_a_car-wbs-TN74AL5074_00000.jpeg,train,TN74AL5074,gi1_a
vi1_a_video9_270.jpg,train,MH02FN2783,vi1_a
olx_AS_AS8.jpg,train,AS01AM1419,olx_AS
vi1_a_video8_2350.jpg,train,MH01BT9066,vi1_a
olx_GA_GA9.jpg,train,GA06E3855,olx_GA
vi1_a_video4_3800.jpg,train,MH02DW8021,vi1_a
vi1_a_video8_10.jpg,train,MH02CD3654,vi1_a
olx_UP_UP20.jpg,train,UP14AK8604,olx_UP
vi1_a_video9_70.jpg,train,MH01DT1917,vi1_a
olx_JK_JK22.jpg,train,JK01AL4613,olx_JK
olx_ML_ML16.jpg,train,ML133317,olx_ML
vi1_a_video_15.jpg,train,MH01CP2655,vi1_a
vi1_a_video8_1590.jpg,train,MH4705851,vi1_a
vi_a_video11_4630.jpg,train,MH01AX3070,vi_a
gi_a_af36405d-be93-4c8c-b1b2-5a0832535eeb___main-qimg-4caf07f4dfd9e2a2d279ddd54fb91986-c.jpg.jpeg,train,TN59AQ1515,gi_a
vi1_a_video5_470.jpg,train,MH03CS6266,vi1_a
gi_a_422aaf6f-dd4a-450f-ac6b-65966ab512d0___1431956d1446017445-number-plates-merchandise-canvas-ink-gurgaon-edit-closed-thumb_img_4418_1024.jpg.jpeg,train,MH03BS7778,gi_a
vi_a_video11_1300.jpg,train,MH12RT1105,vi_a
vi1_a_video3_1750.jpg,train,MH02BT6482,vi1_a
vi1_a_video6_1140.jpg,train,MH02DS9365,vi1_a
olx_UP_UP28.jpg,train,UP32HY6077,olx_UP
olx_PB_PB6.jpg,train,PB13AF6756,olx_PB
gi_a_6cd15e75-3e26-41f2-a6aa-b1b58dec1c48___volkswagen-polo-exquisite-limited-edition-m1_720x540.jpg.jpeg,train,MH14EY5972,gi_a
gi_a_28fc10e3-681b-4086-9c15-28934ae86f7e___3e7fd381-0ae5-4421-8a70-279ee0ec1c61_nissan-terrano-amt_827x510_71478504527.jpg,train,DL14CTC0153,gi_a
gi_a_bcdc8b42-5dd4-48e2-8104-706440524bfe___hqdefault0.jpg.jpeg,train,TS08ER1643,gi_a
olx_ML_ML20.jpg,train,ML137827,olx_ML
vi1_a_video2_610.jpg,train,MH02BJ2456,vi1_a
olx_BR_BR16.jpg,train,BR33M0001,olx_BR
gi_a_760ba77a-8992-4574-8cba-6c081d9e3e19___3e7fd381-0ae5-4421-8a70-279ee0ec1c61_04f4c639c871fba0b4cc6475604e40b7_large.jpg,train,RJ02CC0784,gi_a
olx_AR_AR6.jpg,train,AR168272,olx_AR
gi_a_41de2ad0-3785-488e-9f1f-75b76f446cc7___Maruti-Alto-K10-Photos-2.jpg.jpeg,train,HR26CT4063,gi_a
olx_GJ_GJ9.jpg,train,GJ05RE8119,olx_GJ
vi_a_video12_90.jpg,train,MH02BG9542,vi_a
vi_a_video11_1340.jpg,train,MH01DB1477,vi_a
gi_a_07f6d77a-652e-4885-8520-6d405d2f712f___3e7fd381-0ae5-4421-8a70-279ee0ec1c61_840539077_1_1080x720_nissan-terrano-xl-d-thp-110-ps-2016-diesel-.jpg,train,UP50AS4535,gi_a
vi1_a_video6_820.jpg,train,MH02DS9365,vi1_a
olx_GA_GA7.jpg,train,GA07K7150,olx_GA
gi1_a_f59d42f8-dc55-4b60-bb91-c2db3644f2ff___841309873_1_1080x720_mahindra-scorpio-vlx-airbags-bs-iii-2012-diesel-.jpg.jpeg,train,TN58AM1,gi1_a
vi1_a_video6_960.jpg,train,MH02DS9365,vi1_a
olx_PB_PB7.jpg,train,PB10DV5354,olx_PB
vi1_a_video5_430.jpg,train,MH01CY6333,vi1_a
gi1_a_car-wbs-KL43B2344_00000.jpeg,train,KL43B2344,gi1_a
olx_AP_AP4.jpg,train,AP39HZ0087,olx_AP
olx_OD_OD4.jpg,train,OD02C2836,olx_OD
olx_ML_ML5.jpg,train,ML05D0571,olx_ML
vi1_a_video4_2140.jpg,train,MH04DW9020,vi1_a
gi1_a_car-wbs-TN74F3339_00000.jpeg,train,TN74F3339,gi1_a
vi_a_video11_2760.jpg,train,MH03BS4060,vi_a
vi_a_video10_1230.jpg,train,MH05DS8679,vi_a
olx_DL_DL24.jpg,train,DL3CCK8019,olx_DL
olx_MH_MH15.jpg,train,MH05EQ4066,olx_MH
olx_JK_JK31.jpg,train,JK03A8042,olx_JK
vi1_a_video3_660.jpg,train,MH02ER9194,vi1_a
gi_a_a95a0d9d-5d40-4abb-bd3e-6c6d94bef5b1___IMG_3310.jpg.jpeg,train,Devanagri,gi_a
olx_PB_PB2.jpg,train,PB04S4253,olx_PB
gi_a_22dc6b5f-ff5d-4bb4-beb2-0f5fd9e75787___i10_Latest_Acrylic_Number_Plate.jpg.jpeg,train,KL09AL9405,gi_a
vi1_a_video3_1970.jpg,train,MH02ER9194,vi1_a
vi_a_video11_1040.jpg,train,MH47Y1124,vi_a
vi1_a_video4_2030.jpg,train,MH02DS3099,vi1_a
vi1_a_video8_1550.jpg,train,MH4705851,vi1_a
vi_a_video11_3260.jpg,train,MH02BQ9628,vi_a
olx_CH_CH10.jpg,train,CH01AB4559,olx_CH
gi1_a_d88b7b9c-a4f4-4af6-af3d-b3017e114e0d___146292-maruti-suzuki-wagon-r-stingray-vxi-ownership-review-dsc_01691.jpg.jpeg,train,ASM1634,gi1_a
olx_HP_HP17.jpg,train,HP20E3953,olx_HP
olx_BR_BR8.jpg,train,BR01DG6692,olx_BR
gi_a_018b52e6-e9a1-42c2-8ce7-0617e8c8e021___3e7fd381-0ae5-4421-8a70-279ee0ec1c61_sbtb02_auto1.JPG,train,RJ27TC0530,gi_a
vi_a_video11_2720.jpg,train,MH03BS4060,vi_a
vi1_a_video3_2170.jpg,train,MH02BT6482,vi1_a
vi1_a_video8_1520.jpg,train,MH4705851,vi1_a
olx_HR_HR22.jpg,train,HR09G8378,olx_HR
gi_a_165eaa92-8e90-44e6-b132-8af462bae0c9___scorpio-rear.JPG.jpeg,train,KA01MA6989,gi_a
olx_OD_OD5.jpg,train,OD14E3131,olx_OD
vi1_a_video4_3720.jpg,train,MH02DJ8952,vi1_a
vi1_a_video6_440.jpg,train,MH01BD1897,vi1_a
vi1_a_video3_1190.jpg,train,MH02BT6482,vi1_a
gi1_a_car-wbs-TN38BW1139_00000.jpeg,train,TN38BW1139,gi1_a
olx_TS_TS4.jpg,train,TS09EZ9296,olx_TS
olx_TN_TN1.jpg,train,TN63BV7954,olx_TN
olx_OD_OD22.jpg,train,OR05AC0422,olx_OD
olx_AP_AP24.jpg,train,AP07AD5555,olx_AP
olx_TS_TS8.jpg,train,TS09EG6565,olx_TS
olx_OD_OD27.jpg,train,OD25F7400,olx_OD
vi_a_video2_230.jpg,train,MH02EU4884,vi_a
gi_a_bff789cd-2d58-4399-a55e-33be55f313e3___IMG_0472.jpg.jpeg,train,MH02CT2727,gi_a
gi_a_7c8229d7-7e37-41a6-9262-d5da278c8d8e___139379d1243147524-ok-have-dealers-name-number-plate-1.jpg.jpeg,train,HR99BJ6662,gi_a
vi_a_video11_1150.jpg,train,MH47Y1124,vi_a
olx_WB_WB1.jpg,train,WB26T6688,olx_WB
vi_a_video11_4080.jpg,train,MH03DU5196,vi_a
vi1_a_video9_90.jpg,train,MH01DT1917,vi1_a
gi1_a_cd506968-8676-4df3-9150-d1c2e618f4c2___3e7fd381-0ae5-4421-8a70-279ee0ec1c61_nissan-note-india-testing_827x510_81508219864.jpg,train,TN21TC31,gi1_a
olx_JH_JH7.jpg,train,JH01BX0013,olx_JH
vi1_a_video2_420.jpg,train,MH02DN8718,vi1_a
vi1_a_video5_170.jpg,train,MH03CS6266,vi1_a
olx_JK_JK4.jpg,train,JK01M4723,olx_JK
vi1_a_video4_2500.jpg,train,MH02AK5481,vi1_a
olx_AS_AS17.jpg,train,AS01AR1986,olx_AS
gi1_a_car-wbs-MH15BD8877_00000.png,train,MH15BD8877,gi1_a
vi1_a_video5_130.jpg,train,MH03CS6266,vi1_a
olx_HR_HR21.jpg,train,HR4281329,olx_HR
gi_a_8e0b8c6f-850f-4918-983a-7fa110368d32___banner_4.png,train,DL6CAB123X,gi_a
vi_a_video11_3330.jpg,train,MH02BQ9628,vi_a
olx_HR_HR8.jpg,train,HR20X8432,olx_HR
vi_a_video10_1240.jpg,train,MH05DS8679,vi_a
olx_DN_DN7.jpg,train,DN0909704,olx_DN
olx_DL_DL25.jpg,train,DL9C0S1537,olx_DL
gi1_a_car-wbs-MH20CS1938_00000.jpeg,train,MH20CS1938,gi1_a
olx_AS_AS7.jpg,train,AS06Q4437,olx_AS
gi1_a_car-wbs-TN38BY4191_00000.jpeg,train,TN38BY4191,gi1_a
olx_PY_PY16.jpg,train,PY01BU2406,olx_PY
gi1_a_e82fc408-a209-4221-9f6d-742b4b9d4c70___3e7fd381-0ae5-4421-8a70-279ee0ec1c61_848803268_2_1080x720_nissan-terrano-xl-d-plus-2014-diesel-upload-photos.jpg,train,UP32FH2653,gi1_a
olx_AP_AP6.jpg,train,AP31TV7236,olx_AP
olx_AR_AR8.jpg,train,AR08983,olx_AR
vi_a_video2_290.jpg,train,MH02DN8718,vi_a
olx_TS_TS5.jpg,train,TS09EA4088,olx_TS
olx_PB_PB20.jpg,train,PB31R8123,olx_PB
olx_JH_JH16.jpg,train,JH10S5378,olx_JH
olx_DL_DL1.jpg,train,DL6CJ8404,olx_DL
olx_KL_KL3.jpg,train,KL02AF6723,olx_KL
vi_a_video11_1860.jpg,train,MH47Y1124,vi_a
vi1_a_video8_1040.jpg,train,MH02EE6842,vi1_a
vi_a_video11_2270.jpg,train,MH47AV6753,vi_a
vi1_a_video2_4410.jpg,train,MH01AV8814,vi1_a
gi_a_4eb236a3-6547-4103-b46f-3756d21128a9___06-Sanjay-Dutt.jpg.jpeg,train,MH02CB4545,gi_a
olx_MN_MN6.jpg,train,MN01K5346,olx_MN
vi_a_video11_2710.jpg,train,MH03BS4060,vi_a
olx_DL_DL31.jpg,train,DL8CNA1596,olx_DL
olx_AP_AP12.jpg,train,AP310U7562,olx_AP
olx_BR_BR11.jpg,train,BR02AF7424,olx_BR
vi_a_video2_3570.jpg,train,MH02AQ2299,vi_a
olx_CG_CG19.jpg,train,CG07MA7848,olx_CG
vi_a_video11_3880.jpg,train,MH02DZ9898,vi_a
vi_a_video11_1160.jpg,train,MH47Y1124,vi_a
vi_a_video11_2810.jpg,train,MH04HM4154,vi_a
gi1_a_car-wbs-TN07BU5427_00001.jpeg,train,TN07BU5427,gi1_a
olx_JK_JK35.jpg,train,JK10A4638,olx_JK
olx_WB_WB26.jpg,train,WB02A03017,olx_WB
vi_a_car-ybs-MH43BP8173_00000.png,train,MH43BP8173,vi_a
gi_a_5b49ae32-c799-45e3-b139-9c56acf6370d___2014-Volkswagen-Polo-Review.jpg.jpeg,train,MH14EH7958,gi_a
olx_HP_HP3.jpg,train,HP666807,olx_HP
olx_ML_ML12.jpg,train,ML05F9854,olx_ML
vi1_a_video3_1350.jpg,train,MH02CL4017,vi1_a
olx_AS_AS19.jpg,train,AS06U1295,olx_AS
olx_AS_AS9.jpg,train,AS04X2780,olx_AS
vi_a_video11_1180.jpg,train,MH04EX7505,vi_a
vi1_a_video3_1900.jpg,train,MH02EU4077,vi1_a
olx_ML_ML18.jpg,train,ML10B4503,olx_ML
vi_a_video11_2610.jpg,train,MH47Y1124,vi_a
vi1_a_video3_1860.jpg,train,MH02EU4077,vi1_a
gi_a_5a4780bf-d2af-4f19-a36b-65004cd06b3d___maruti-suzuki-wagon-r-rear-left-rim.jpg.jpeg,train,MP09CC1667,gi_a
vi1_a_video3_580.jpg,train,MH02ER9194,vi1_a
vi1_a_video5_370.jpg,train,MH03CS6266,vi1_a
olx_KL_KL11.jpg,train,KL0BBJ5001,olx_KL
vi_a_video11_2820.jpg,train,MH04HM4154,vi_a
vi_a_video11_1360.jpg,train,MH01DB1477,vi_a
gi1_a_d5ddd1e6-56ca-4991-994e-cb78fe836a47___3e7fd381-0ae5-4421-8a70-279ee0ec1c61_2013-Nissan-Terrano-Review.jpg,train,RJ27TC0530,gi1_a
gi_a_0a0d1748-48cd-4114-90cb-b5baf0b3cbe4___3e7fd381-0ae5-4421-8a70-279ee0ec1c61_147274518_15141875973_large.jpg,train,MH46X9996,gi_a
olx_WB_WB22.jpg,train,WB20H0271,olx_WB
olx_WB_WB14.jpg,train,WB36G6682,olx_WB
gi_a_31847e78-6696-4dc2-be08-cb37d512c576___2010_Maruti_WagonR_Review.jpg.jpeg,train,MH06AW8929,gi_a
vi1_a_video8_1030.jpg,train,MH02EE6842,vi1_a
olx_PB_PB19.jpg,train,PB10CX0209,olx_PB
olx_ML_ML10.jpg,train,ML06A1659,olx_ML
olx_HP_HP7.jpg,train,HP12C3766,olx_HP
olx_WB_WB4.jpg,train,WB02X8795,olx_WB
gi_a_b117ba53-d563-49c2-806b-343666616815___new_Maruti-Suzuki-recalls-75419-Baleno-cars-1961-DZire-cars-only-AGS-variant-Motown-India-Bureau-2-810.jpg.jpeg,train,HR26CR3302,gi_a
olx_AP_AP27.jpg,train,AP31EF1155,olx_AP
olx_HR_HR15.jpg,train,HR29K7840,olx_HR
olx_RJ_RJ7.jpg,train,RJ23CB4320,olx_RJ
vi_a_video10_930.jpg,train,MH01AU0059,vi_a
olx_SK_SK3.jpg,train,SK01PA7708,olx_SK
vi_a_video10_170.jpg,train,MH02EK0837,vi_a
vi_a_video11_4660.jpg,train,MH01AX3070,vi_a
olx_ML_ML30.jpg,train,ML05C5389,olx_ML
gi1_a_car-wbs-KL60N5344_00000.jpeg,train,KL60N5344,gi1_a
olx_HR_HR19.jpg,train,HR29AQ4939,olx_HR
olx_CH_CH4.jpg,train,CH01AX9090,olx_CH
olx_JK_JK28.jpg,train,JK10A5217,olx_JK
vi1_a_video8_1450.jpg,train,MH4705851,vi1_a
gi_a_55aa4ee8-13fd-45bd-b83b-651ac665d71a___200560387_4_1000x700_2012-toyota-innova-diesel-130000-kms-cars.jpg.jpeg,train,KL16J3636,gi_a
vi1_a_video4_2790.jpg,train,MH01AV7461,vi1_a
vi1_a_video2_4770.jpg,train,MH02BT6482,vi1_a
vi1_a_video6_260.jpg,train,MH06AZ3571,vi1_a
olx_ML_ML28.jpg,train,ML08C8061,olx_ML
vi_a_video11_3700.jpg,train,MH04JM8262,vi_a
olx_HP_HP21.jpg,train,HP40B8992,olx_HP
olx_TS_TS9.jpg,train,TS21J8351,olx_TS
gi_a_6f78077e-a3a1-4fb9-89ba-5870d75ccdb8___Innova_Crysta_Car_Euro_number_Plates.jpg.jpeg,train,TN09CH7770,gi_a
gi1_a_car-wbs-TN21AT0492_00000.jpg,train,TN21AT0492,gi1_a
gi1_a_e53076d3-c3b7-47b8-8c63-30a08b8ad983___40213__Maruti_Suzuki_Swift--016.JPG.jpeg,train,HR26DK6475,gi1_a
vi1_a_video6_970.jpg,train,MH02DS9365,vi1_a
olx_TR_TR1.jpg,train,TR05B0308,olx_TR
olx_HP_HP12.jpg,train,HP36E3330,olx_HP
olx_AN_AN6.jpg,train,AN01H1689,olx_AN
vi1_a_video3_1930.jpg,train,MH01BD2186,vi1_a
olx_JK_JK32.jpg,train,JK13C4452,olx_JK
vi_a_video11_2190.jpg,train,MH47AV6753,vi_a
gi_a_00b42b2c-f193-4863-b92c-0245cbc816da___3e7fd381-0ae5-4421-8a70-279ee0ec1c61_Nissan-Terrano-Petrol-Review-Images-Black-Front-Angle.jpg,train,TN21AT0492,gi_a
vi1_a_video8_850.jpg,train,MH01BT0050,vi1_a
vi_a_video11_1290.jpg,train,MH01DB1477,vi_a
vi_a_video11_4020.jpg,train,MH01BM4824,vi_a
vi1_a_video3_590.jpg,train,MH02ER9194,vi1_a
gi_a_ae0bb069-0e7e-412a-9473-e8e0d4041cbc___135718d1400912281-skoda-rapid-1-6tdi-cr-mt-elegance-ultima-candy-white-white-monster-_mg_3000comp.jpg.jpeg,train,TN74F3339,gi_a
olx_AS_AS10.jpg,train,AS01DG6002,olx_AS
vi1_a_video3_620.jpg,train,MH02ER9194,vi1_a
olx_OD_OD16.jpg,train,OR14U8730,olx_OD
gi_a_18f2e55e-0724-4eee-a28e-5d552a5aa045___20455d0e2dca458f13fbf4da5a2dc118.jpg.jpeg,train,HP896786,gi_a
olx_TS_TS7.jpg,train,TS08EZ9463,olx_TS
vi1_a_video4_3860.jpg,train,MH02DW8021,vi1_a
olx_LA_LA1.jpg,train,LA020749,olx_LA
olx_AP_AP8.jpg,train,AP16DP7065,olx_AP
vi1_a_video4_3090.jpg,train,MH01JA8939,vi1_a
gi1_a_df2f7a76-d701-468f-b54a-c5d63d13b349___CM-Akhilesh-Number-Plate.jpg.jpeg,train,UP65CM21149,gi1_a
vi_a_video10_660.jpg,train,DL3CCQ0107,vi_a
olx_PY_PY3.jpg,train,PY01CM5400,olx_PY
vi_a_video11_2780.jpg,train,MH03BS4060,vi_a
vi1_a_video4_2430.jpg,train,MH01AH8495,vi1_a
vi_a_video10_1260.jpg,train,MH05DS8679,vi_a
gi_a_5cbd7465-ad12-4e6b-8eaf-d7056c3852f8___New-2018-Maruti-Suzuki-Swift-radiator-grille-600x398.jpg.jpeg,train,HR26DK0830,gi_a
olx_CG_CG4.jpg,train,CG04HV7009,olx_CG
olx_KA_KA17.jpg,train,KA01MG1660,olx_KA
vi1_a_video5_340.jpg,train,MH03CS6266,vi1_a
vi_a_video2_390.jpg,train,MH02DN8718,vi_a
gi1_a_car-wbs-KL60N5344_00001.jpeg,train,KL60N5344,gi1_a
vi_a_video11_4410.jpg,train,MH02MA5324,vi_a
olx_AP_AP18.jpg,train,AP16BS4500,olx_AP
vi_a_video10_1280.jpg,train,MH05DS8679,vi_a
vi1_a_video3_540.jpg,train,MH02ER9194,vi1_a
vi1_a_video3_1500.jpg,train,MH14DX9938,vi1_a
vi1_a_video3_1070.jpg,train,MH02EE8407,vi1_a
vi1_a_video8_880.jpg,train,MH01BT0050,vi1_a
vi_a_video11_4710.jpg,train,MH03CP1328,vi_a
gi1_a_car-wbs-MH20BQ20_00000.png,train,MH20BQ20,gi1_a
vi1_a_video3_1220.jpg,train,MH02BT6482,vi1_a
vi1_a_video3_1990.jpg,train,MH02ER9194,vi1_a
olx_GJ_GJ7.jpg,train,GJ34B9811,olx_GJ
olx_DL_DL33.jpg,train,DL4CNA7231,olx_DL
gi1_a_car-wbs-MH03BS7778_00002.jpeg,train,MH03BS7778,gi1_a
vi1_a_video8_890.jpg,train,MH01BT0050,vi1_a
vi1_a_video4_3190.jpg,train,MH01AX1113,vi1_a
gi1_a_car-wbs-MH12NE8922_00000.png,train,MH12NE8922,gi1_a
olx_GA_GA11.jpg,train,GA03P2839,olx_GA
vi1_a_video4_2600.jpg,train,MH01BU1852,vi1_a
vi1_a_video3_1090.jpg,train,MH02EE8407,vi1_a
gi_a_2c9306ab-3454-4ca0-89fd-db3f51dabcef___3e7fd381-0ae5-4421-8a70-279ee0ec1c61_Nissan-Terrano-front-three-quarters-on-plain-ground.jpg,train,RJ27TC0530,gi_a
olx_MH_MH20.jpg,train,MH12KJ7659,olx_MH
vi1_a_video8_250.jpg,train,MH47AU1306,vi1_a
vi1_a_video4_2610.jpg,train,MH01BU1852,vi1_a
gi1_a_e29b6eea-504a-4da2-8503-5bd3443f3bd8___maruti-suzuki-wagon-r-front-left-rim.jpg.jpeg,train,KA04ME9869,gi1_a
gi_a_8b5431f9-7d6f-43ed-853d-350ca058ff2a___3e7fd381-0ae5-4421-8a70-279ee0ec1c61_2014-Nissan-Terrano1.jpg,train,TN19TC94,gi_a
olx_BR_BR18.jpg,train,BR01BD5042,olx_BR
vi1_a_video8_1540.jpg,train,MH4705851,vi1_a
gi1_a_car-wbs-MH06AW8929_00000.jpeg,train,MH06AW8929,gi1_a
gi1_a_e54fb93b-020f-4c55-b4db-86e17ba9b9e0___2014-VW-Polo-facelift-rear-spotted-testing-in-Pune-India.jpg.jpeg,train,MH14TCP237,gi1_a
gi_a_6bf2730d-82bf-43ac-8802-b61315d85b96___2017-Skoda-Octavia-rear-high-revealed-for-India-images.jpg.jpeg,train,MH20EE7598,gi_a
gi1_a_car-wbs-MH20CS1941_00001.jpeg,train,MH20CS1941,gi1_a
vi1_a_video4_2180.jpg,train,MH04DW9020,vi1_a
vi_a_video11_4640.jpg,train,MH01AX3070,vi_a
vi1_a_video3_600.jpg,train,MH02ER9194,vi1_a
olx_BR_BR13.jpg,train,BR01PL7594,olx_BR
gi_a_125b5cda-9691-47aa-8e57-f6d8a8537d83___fancy_number_plates_in_india.jpg.jpeg,train,TN66U8215,gi_a
vi1_a_video4_2440.jpg,train,MH01AH8495,vi1_a
gi_a_b4eb91cd-3e77-40c2-bbe6-13d42f2ea4ba___INNOVA_Euro_Number_Plates.jpg.jpeg,train,KL43B2344,gi_a
vi_a_video11_800.jpg,train,MH01AX3070,vi_a
gi_a_49bdf0d9-4e64-41eb-9c19-eabdc4afb051___Maruti-Suzuki-Ciaz-Photos-30.JPG.jpeg,train,HR26CH3604,gi_a
olx_HR_HR16.jpg,train,HR56B2626,olx_HR
gi_a_9ea92991-8fdf-4b46-aea1-bf08ecff247c___new_1107433d1373284570-my-modded-skoda-rapid-now-166-bhp-351-nm-119-whp-per-tonne-hdr_00005_normal.jpg.jpeg,train,TN07BU5427,gi_a
vi1_a_video2_4190.jpg,train,MH02BT6482,vi1_a
olx_JK_JK29.jpg,train,JK01AF0310,olx_JK
olx_DL_DL8.jpg,train,DL10CH1252,olx_DL
vi1_a_video4_3780.jpg,train,MH02DW8021,vi1_a
vi_a_video10_860.jpg,train,MH01AU0059,vi_a
olx_OD_OD3.jpg,train,OD02V0007,olx_OD
gi_a_af608b5e-07d6-4bcf-84d0-f0cba9e54e12___Skoda-Superb-Rear-Profile.jpg.jpeg,train,MH20CS4946,gi_a
olx_ML_ML39.jpg,train,ML05G6098,olx_ML
olx_UP_UP24.jpg,train,UP27Z7322,olx_UP
olx_MP_MP5.jpg,train,MP20TA0919,olx_MP
vi_a_video11_4780.jpg,train,MH03CP1328,vi_a
olx_RJ_RJ6.jpg,train,RJ23CB2272,olx_RJ
vi_a_video11_2730.jpg,train,MH03BS4060,vi_a
vi_a_video11_1010.jpg,train,MH47Y1124,vi_a
gi1_a_car-wbs-MH12BG7237_00000.png,train,MH12BG7237,gi1_a
vi_a_video11_2060.jpg,train,MH47Y1124,vi_a
olx_MH_MH16.jpg,train,MH12GR862,olx_MH
olx_BR_BR17.jpg,train,BF06P00006,olx_BR
vi_a_car-ybs-MH47N4570_00002.png,train,MH47N4570,vi_a
gi1_a_cf011553-f802-4b11-99ec-6e03d731b646___new_2014-VW-Polo-facelift-spied-India-rear.jpg.jpeg,train,MH14TCF460,gi1_a
olx_JK_JK5.jpg,train,JK05H3594,olx_JK
vi1_a_video6_1130.jpg,train,MH02DS9365,vi1_a
olx_CG_CG10.jpg,train,CG22H7740,olx_CG
vi_a_video11_1310.jpg,train,MH01DB1477,vi_a
olx_AS_AS22.jpg,train,AS01AN8668,olx_AS
gi_a_car-wbs-DL3CAY2231_00000.jpeg,train,DL3CAY2231,gi_a
gi1_a_car-wbs-HR26BC5514_00001.png,train,HR26BC5514,gi1_a
olx_PB_PB10.jpg,train,PB11BN6101,olx_PB
gi1_a_f685e6cf-3a12-42ac-94d7-28cdf129b266___maxresdefault1.jpg.jpeg,train,TN66T5836,gi1_a
vi_a_video11_2620.jpg,train,MH47Y1124,vi_a
gi_a_b5b41a4b-8913-4af6-9419-ac6398d266b0___161893107_2_1000x700_innava-with-fancy-number-upload-photos.jpg.jpeg,train,KL454455,gi_a
gi_a_bb767d81-73b4-4c47-b619-7efde490b199___3e7fd381-0ae5-4421-8a70-279ee0ec1c61_oem-name0_-_Copy.jpg,train,RJ27TC0530,gi_a
olx_UP_UP11.jpg,train,UP53AK1161,olx_UP
olx_GA_GA4.jpg,train,GA01C2098,olx_GA
olx_KA_KA20.jpg,train,KA19MF1763,olx_KA
vi_a_video11_1910.jpg,train,MH47Y1124,vi_a
gi_a_85d7e25d-5aa1-4e5f-9c4e-4e671f14ddbe___77cca4b6f3864b3928824a030ba101d2.jpg.jpeg,train,KL60N5344,gi_a
vi_a_video2_3260.jpg,train,MH02EZ6482,vi_a
vi_a_video11_1930.jpg,train,MH47Y1124,vi_a
gi_a_3fd93f90-f778-4f14-8b0f-67dd0be88a06___561644d1308248087-beware-fake-registration-numbers-imported-cars-proof-pg-3-257491_10150223034216705_685851704_7325894_6829197_o.jpg.jpeg,train,WB06F9209,gi_a
olx_CH_CH2.jpg,train,CH01BL3528,olx_CH
olx_WB_WB5.jpg,train,WB06G4120,olx_WB
vi1_a_video3_1680.jpg,train,MH02EE8407,vi1_a
gi_a_4ed4509a-18ed-44cd-bfe3-b1cce982e365___3e7fd381-0ae5-4421-8a70-279ee0ec1c61_Nissan-Terrano-3.jpg,train,TN21AT0480,gi_a
gi_a_62b58053-425c-4924-b129-c4a6580f3562___product-500x5001.jpeg,train,KL01CC50,gi_a
olx_KL_KL6.jpg,train,KL46R3613,olx_KL
olx_CH_CH3.jpg,train,CH03K7672,olx_CH
olx_ML_ML29.jpg,train,ML04C4738,olx_ML
olx_WB_WB11.jpg,train,WB08A4101,olx_WB
gi1_a_car-wbs-TN21BZ0768_00000.png,train,TN21BZ0768,gi1_a
olx_AP_AP30.jpg,train,AP31DT9378,olx_AP
vi1_a_video8_2360.jpg,train,MH01BT9066,vi1_a
gi_a_0a720df9-e4ef-4e44-8c13-b39b9be8444d___3e7fd381-0ae5-4421-8a70-279ee0ec1c61_Nissan-Terrano-6.jpg,train,TN21AT0480,gi_a
vi1_a_video9_370.jpg,train,MH02FN2783,vi1_a
vi_a_video11_810.jpg,train,MH01AX3070,vi_a
vi1_a_video5_1820.jpg,train,MH01CV6333,vi1_a
olx_OD_OD9.jpg,train,OD33L2616,olx_OD
gi1_a_cc80e5c6-2cb7-40f7-a072-3f4cb5a56c65___Dileep_Car_Innova_1.jpg.jpeg,train,KL07BF2007,gi1_a
vi1_a_video9_40.jpg,train,MH01DT1917,vi1_a
gi_a_175ff546-0679-4cbb-ab03-acfcd96877b7___Maruti_Wagon_R_Rear.jpg.jpeg,train,MH06AW8929,gi_a
gi_a_bdad5f66-70ad-4241-9a62-bba1123c3486___3e7fd381-0ae5-4421-8a70-279ee0ec1c61_1447945d1449508546t-my-nissan-terrano-85-ps-_img_000000_000000.jpg,train,KA05MQ92,gi_a
gi1_a_f9e27b82-9e65-44ba-bf9a-b3ced8901937___Skoda-Superb-Exterior-deadfront-69204.jpg.jpeg,train,MH20DV2362,gi1_a
vi1_a_video8_920.jpg,train,MH038C6247,vi1_a
vi1_a_video8_1050.jpg,train,MH02EE6842,vi1_a
olx_KL_KL14.jpg,train,KL03S6394,olx_KL
olx_DL_DL30.jpg,train,DL10C05520,olx_DL
gi1_a_car-wbs-MH20BY3665_00000.jpeg,train,MH20BY3665,gi1_a
gi_a_94c5a151-24b5-493c-a900-017a4353b00c___3e7fd381-0ae5-4421-8a70-279ee0ec1c61_Tata-Tiago-Front-Number-Plates-Design.jpg,train,KL65H4383,gi_a
gi1_a_f265077a-611f-4a18-abe5-46518b1756e6___1232700-take-look-number-plate-uploadfromtaptalk1398055489406.jpg.jpeg,train,PY01BL1155,gi1_a
gi1_a_car-wbs-TN21AT0480_00001.jpg,train,TN21AT0480,gi1_a
olx_PB_PB14.jpg,train,PB10EH0164,olx_PB
olx_DL_DL20.jpg,train,DL12CL2555,olx_DL
olx_CG_CG21.jpg,train,CG04FJ5834,olx_CG
gi1_a_b7fd8aaa-8621-449f-b99c-f45778f1a25c___3e7fd381-0ae5-4421-8a70-279ee0ec1c61_1208485d1392541449-nissan-terrano-official-review-img_20140215_181507.jpg,train,KA18P2987,gi1_a
vi1_a_video3_2230.jpg,train,MH02BT6482,vi1_a
vi_a_video11_1230.jpg,train,MH47Y1124,vi_a
vi_a_video11_760.jpg,train,MH01AX3070,vi_a
vi1_a_video5_150.jpg,train,MH03CS6266,vi1_a
olx_RJ_RJ2.jpg,train,RJ14CW4115,olx_RJ
vi1_a_video6_870.jpg,train,MH02DS9365,vi1_a
olx_PB_PB18.jpg,train,PB08BF6160,olx_PB
olx_AS_AS20.jpg,train,AS01AT8119,olx_AS
gi_a_aff1f53b-3259-44f0-9718-05fb64dc8ba1___Untitled.png,train,KA03NA8385,gi_a
olx_SK_SK2.jpg,train,SK01T3794,olx_SK
vi1_a_video3_1910.jpg,train,MH02EU4077,vi1_a
vi1_a_video3_1370.jpg,train,MH02CL4017,vi1_a
olx_NL_NL9.jpg,train,NL02C6709,olx_NL
vi1_a_video4_2490.jpg,train,MH02AK5481,vi1_a
gi_a_351a22eb-bf0a-44d6-8b6d-5ffca753c261___bike-number-plate-500x500.jpg.jpeg,train,MH20EU9991,gi_a
olx_OD_OD14.jpg,train,OD02L4656,olx_OD
gi_a_10c96324-3452-43e2-aa68-c8ae7d3c1b6e___844874771_1_1080x720_maruti-suzuki-wagon-r-vxi-bs-iii-2014-petrol-.jpg.jpeg,train,TN52U1580,gi_a
vi1_a_video2_4010.jpg,train,MH02AQ2299,vi1_a
vi1_a_video8_1120.jpg,train,MH03AM3025,vi1_a
olx_JK_JK23.jpg,train,JK02CC0447,olx_JK
olx_ML_ML34.jpg,train,ML05H6564,olx_ML
olx_UK_UK10.jpg,train,UK07AA2432,olx_UK
gi1_a_car-wbs-MH12DE1433_00000.png,train,MH12DE1433,gi1_a
vi_a_video11_4750.jpg,train,MH03CP1328,vi_a
olx_AS_AS14.jpg,train,AS018P2415,olx_AS
olx_CG_CG6.jpg,train,CG22AB1111,olx_CG
olx_UP_UP25.jpg,train,UP32BF3577,olx_UP
olx_AR_AR11.jpg,train,AR01J0123,olx_AR
vi1_a_video4_3290.jpg,train,MH01AL9693,vi1_a
olx_KA_KA23.jpg,train,KA51ML4025,olx_KA
gi1_a_fd0140cc-e887-43b8-a439-24877ea77670___Maruti-Suzuki-Baleno-Number-Plates-Design.jpg.jpeg,train,KL10AV6633,gi1_a
olx_MZ_MZ1.jpg,train,MZ01G9825,olx_MZ
olx_MH_MH19.jpg,train,MH12KN8366,olx_MH
olx_TN_TN8.jpg,train,TN07AP0659,olx_TN
vi1_a_video3_2210.jpg,train,MH02BT6482,vi1_a
vi_a_video11_4600.jpg,train,MH01AM5810,vi_a
vi_a_video11_1080.jpg,train,MH47Y1124,vi_a
olx_SK_SK5.jpg,train,SK01PB3596,olx_SK
vi1_a_video6_890.jpg,train,MH02DS9365,vi1_a
vi1_a_video8_2450.jpg,train,MH4705851,vi1_a
vi1_a_video4_2650.jpg,train,MH01AV7461,vi1_a
gi1_a_car-wbs-KL54H369_00000.jpeg,train,KL54H369,gi1_a
olx_JK_JK3.jpg,train,JK02BL1212,olx_JK
gi_a_319f51dc-9db2-4977-a43d-09561cdd54ab___1415806d1442489743t-raging-red-rover-r3-my-mahindra-scorpio-s10-4x4-nudge-guard.jpg.jpeg,train,DL12CG6648,gi_a
gi_a_af058398-67d6-4d0e-a6d9-afc1cb184e5b___3e7fd381-0ae5-4421-8a70-279ee0ec1c61_hqdefault3.jpg,train,RJ27TC0530,gi_a
vi1_a_video3_1180.jpg,train,MH02BT6482,vi1_a
vi_a_video11_3280.jpg,train,MH05DK1018,vi_a
vi_a_video11_2700.jpg,train,MH03BS4060,vi_a
vi1_a_video5_520.jpg,train,MH03CS6266,vi1_a
vi_a_video10_110.jpg,train,MH02EK0837,vi_a
olx_DL_DL35.jpg,train,DL3CBS5881,olx_DL
vi1_a_video8_780.jpg,train,MH12SF3212,vi1_a
gi1_a_car-wbs-HR26DA2330_00000.jpeg,train,HR26DA2330,gi1_a
olx_JH_JH6.jpg,train,JH02AH0750,olx_JH
vi_a_video2_3990.jpg,train,MH02AQ2299,vi_a
olx_HR_HR11.jpg,train,HR01H4731,olx_HR
olx_GA_GA12.jpg,train,GA03Y9512,olx_GA
vi1_a_video8_2260.jpg,train,MH01BT9066,vi1_a
olx_ML_ML22.jpg,train,ML1032811,olx_ML
gi_a_59a40238-6b01-4bb9-9faf-3b595e67bcb3___3d-font-number-plate-500x500.jpg.jpeg,train,MH13BN4348,gi_a
gi_a_c03a7106-1fb9-471f-bbb0-2e8f4a29759a___38e7b1109eb976088e1df2f14ac4c08c.jpg.jpeg,train,KL57A111,gi_a
vi_a_video11_1890.jpg,train,MH47Y1124,vi_a
gi_a_03273806-bb1e-48da-8c8b-a0133a90197a___2014-Skoda-Yeti-Test-Drive.jpg.jpeg,train,MH20CS9817,gi_a
olx_AP_AP33.jpg,train,AP31DA0020,olx_AP
gi1_a_car-wbs-MH20DJ0419_00000.jpeg,train,MH20DJ0419,gi1_a
vi1_a_video2_5290.jpg,train,MH02BT6482,vi1_a
vi_a_car-wbs-MH01DE2780_00000.png,train,MH01DE2780,vi_a
gi1_a_car-wbs-MH01AR5274_00000.jpeg,train,MH01AR5274,gi1_a
gi1_a_car-wbs-HR26BC5514_00000.png,train,HR26BC5514,gi1_a
gi1_a_car-wbs-TN09CH7770_00000.jpeg,train,TN09CH7770,gi1_a
olx_AS_AS21.jpg,train,AS23X5585,olx_AS
gi1_a_car-wbs-UP16CT2233_00000.jpg,train,UP16CT2233,gi1_a
olx_KA_KA7.jpg,train,KA51P7755,olx_KA
olx_UK_UK8.jpg,train,UK07BK5014,olx_UK
vi1_a_video2_4340.jpg,train,MH01AV8814,vi1_a
olx_PB_PB12.jpg,train,PB07BY3563,olx_PB
olx_WB_WB23.jpg,train,WB20AG9041,olx_WB
gi_a_ca18d733-ec53-49d9-87aa-a9f6c52cc7bb___VW-Polo-GT-TSI-badge-on-the-grille.jpg.jpeg,train,MH14DT8831,gi_a
vi1_a_video8_1420.jpg,train,MH4705851,vi1_a
vi1_a_video8_260.jpg,train,MH47AU1306,vi1_a
vi1_a_video4_2160.jpg,train,MH04DW9020,vi1_a
vi_a_video11_2220.jpg,train,MH47AV6753,vi_a
olx_UK_UK7.jpg,train,UK07AM5665,olx_UK
vi_a_video11_1920.jpg,train,MH47Y1124,vi_a
vi1_a_video6_1000.jpg,train,MH02DS9365,vi1_a
gi1_a_car-wbs-KL01CA2555_00000.jpeg,train,KL01CA2555,gi1_a
vi_a_video11_1640.jpg,train,MH02BQ9628,vi_a
olx_KA_KA3.jpg,train,KA06C9590,olx_KA
olx_MH_MH7.jpg,train,MH12KY6921,olx_MH
olx_UP_UP26.jpg,train,UP14AX9754,olx_UP
gi1_a_car-wbs-MH46X9996_00000.jpg,train,MH46X9996,gi1_a
olx_JH_JH11.jpg,train,JH01BC5210,olx_JH
gi1_a_car-wbs-TN58AM1_00000.jpeg,train,TN58AM1,gi1_a
olx_WB_WB9.jpg,train,WB02AA5580,olx_WB
vi1_a_video8_1380.jpg,train,MH01BG7161,vi1_a
vi1_a_video4_2970.jpg,train,MH02JA9655,vi1_a
vi_a_video10_1220.jpg,train,MH05DS8679,vi_a
olx_PY_PY18.jpg,train,PY02L4602,olx_PY
vi_a_video2_1510.jpg,train,DL8CN6308,vi_a
vi1_a_video3_1360.jpg,train,MH02CL4017,vi1_a
vi_a_car-wbs-MH03AR5549_00000.jpg,train,MH03AR5549,vi_a
vi1_a_video5_120.jpg,train,MH03CS6266,vi1_a
vi_a_video2_2220.jpg,train,MH47Y0205,vi_a
gi1_a_car-wbs-KA01CA2555_00000.png,train,KL01CA2555,gi1_a
vi_a_video11_1560.jpg,train,MH02BQ9628,vi_a
olx_DN_DN1.jpg,train,DN09H2191,olx_DN
vi1_a_video3_1730.jpg,train,MH02EE8407,vi1_a
gi_a_11186c4c-5f17-49b1-af37-a138a1e53794___12837944763_e7c6c6381a_z.jpg.jpeg,train,MH20CS1941,gi_a
olx_AP_AP7.jpg,train,AP31BL8656,olx_AP
vi1_a_video6_220.jpg,train,PB11AG0774,vi1_a
olx_DL_DL23.jpg,train,DL2CAX2886,olx_DL
vi_a_video10_970.jpg,train,MH01AU0059,vi_a
olx_CG_CG11.jpg,train,CG04HA4553,olx_CG
vi_a_video11_1320.jpg,train,MH12RT1105,vi_a
gi1_a_f5bbb8da-dddd-47ae-a46c-15492f9cf752___3e7fd381-0ae5-4421-8a70-279ee0ec1c61_10187746544_0c0822790e_-_Copy.jpg,train,TN21AU7234,gi1_a
vi_a_video11_2230.jpg,train,MH47AV6753,vi_a
gi_a_57e92915-935a-4a91-91f8-f3ad70040a6e___3e7fd381-0ae5-4421-8a70-279ee0ec1c61_847071203_1_1080x720_nissan-terrano-xv-d-thp-premium-110-ps-2015-diesel-ghaziabad.jpg,train,UP16CT2233,gi_a
olx_TS_TS14.jpg,train,TS36H6578,olx_TS
vi1_a_video6_860.jpg,train,MH02DS9365,vi1_a
olx_TR_TR4.jpg,train,TR01N0481,olx_TR
vi1_a_video3_450.jpg,train,MH02EP5740,vi1_a
olx_UP_UP5.jpg,train,UP32EC5577,olx_UP
gi1_a_car-wbs-KL12G7531_00000.jpeg,train,KL12G7531,gi1_a
olx_SK_SK7.jpg,train,SK02P3471,olx_SK
vi_a_video11_990.jpg,train,MH47Y1124,vi_a
vi1_a_video3_1200.jpg,train,MH02BT6482,vi1_a
gi1_a_car-wbs-HR26BR9044_00000.png,train,HR26BR9044,gi1_a
vi1_a_video4_2390.jpg,train,MH01AH8495,vi1_a
vi1_a_video4_2170.jpg,train,MH04DW9020,vi1_a
vi_a_video11_1020.jpg,train,MH47Y1124,vi_a
gi1_a_car-wbs-MH20EJ0364_00000.png,train,MH20EJ0364,gi1_a
gi_a_2430703d-0fb3-4eb2-9765-4f9301f232cd___3e7fd381-0ae5-4421-8a70-279ee0ec1c61_Terrano-Duster-Rear-Comparison_-_Copy.jpg,train,TN19H3322,gi_a
vi1_a_video8_1510.jpg,train,MH4705851,vi1_a
vi_a_video11_4620.jpg,train,MH01AM5810,vi_a
vi1_a_video3_440.jpg,train,MH14FM6930,vi1_a
gi_a_6578ae52-8431-4854-ba24-756888891756___1496414894_2017-maruti-suzuki-ciaz.jpg.jpeg,train,HR26TC7099,gi_a
olx_MH_MH22.jpg,train,MH05CH1754,olx_MH
olx_GJ_GJ23.jpg,train,GJ01RS0198,olx_GJ
vi1_a_video9_350.jpg,train,MH02FN2783,vi1_a
olx_SK_SK6.jpg,train,SK04P1320,olx_SK
olx_AP_AP20.jpg,train,AP04AS8753,olx_AP
vi1_a_video5_350.jpg,train,MH03CS6266,vi1_a
vi1_a_video4_3760.jpg,train,MH02DW8021,vi1_a
olx_JH_JH19.jpg,train,JH05Y9636,olx_JH
olx_WB_WB21.jpg,train,WB02W9S3S,olx_WB
olx_JK_JK16.jpg,train,JK09B7745,olx_JK
vi1_a_video8_270.jpg,train,MH47AU1306,vi1_a
olx_JK_JK13.jpg,train,JK01AF7715,olx_JK
olx_AR_AR1.jpg,train,AR048395,olx_AR
gi_a_931dfd5a-3d1f-4a08-9234-0453545e27ea___1297127d1412798792-maruti-ciaz-official-review-imag0627.jpg.jpeg,train,PB03AGT8979,gi_a
gi_a_b176b317-68a9-4c38-ac39-55e5244c9b9c___60653.jpg.jpeg,train,MH02AJ344,gi_a
olx_UP_UP29.jpg,train,UP14AF3804,olx_UP
vi_a_video2_0.jpg,train,MH02EK4399,vi_a
gi1_a_car-wbs-TN37CR4019_00000.jpeg,train,TN37CR4019,gi1_a
vi1_a_video8_1580.jpg,train,MH4705851,vi1_a
vi_a_video11_4100.jpg,train,MH01DK4867,vi_a
gi1_a_ed9cd3b2-76a2-4cc8-9e4e-76d50ad1ff68___maruti-suzuki-wagon-r-hood-open-view.jpg.jpeg,train,KA51MJ2143,gi1_a
gi_a_7070d6ac-5425-4d33-a78e-a48c62d0fac5___Honda-Jazz-Number-Plate-Designs.jpg.jpeg,train,TN42R2697,gi_a
olx_AP_AP43.jpg,train,AP31BG7827,olx_AP
olx_KL_KL10.jpg,train,KL45C4411,olx_KL
olx_GA_GA3.jpg,train,GA01S5594,olx_GA
olx_HR_HR2.jpg,train,HR71F9259,olx_HR
vi1_a_video2_4140.jpg,train,MH02BT6482,vi1_a
vi1_a_video4_3830.jpg,train,MH02DW8021,vi1_a
vi1_a_video2_4280.jpg,train,MH04HP6100,vi1_a
olx_MH_MH11.jpg,train,MH36H5700,olx_MH
olx_SK_SK11.jpg,train,SK02P1078,olx_SK
vi_a_video11_3830.jpg,train,MH01AM9839,vi_a
vi_a_video11_3310.jpg,train,MH05DK1018,vi_a
gi_a_bb767d81-73b4-4c47-b619-7efde490b199___3e7fd381-0ae5-4421-8a70-279ee0ec1c61_oem-name0.jpg,train,RJ27TC0530,gi_a
gi1_a_db4f467d-2d9e-4567-ab68-fce4a8689562___maxresdefault7.jpg.jpeg,train,HR26BU0375,gi1_a
vi1_a_video2_470.jpg,train,MH02DN8718,vi1_a
olx_ML_ML15.jpg,train,ML111909,olx_ML
olx_AS_AS16.jpg,train,AS01AL3746,olx_AS
olx_AP_AP23.jpg,train,AP39DL3537,olx_AP
olx_AN_AN10.jpg,train,AN01K9412,olx_AN
vi1_a_video5_490.jpg,train,MH03CS6266,vi1_a
olx_CH_CH8.jpg,train,CH01A09331,olx_CH
vi1_a_video3_1130.jpg,train,MH02EK4399,vi1_a
olx_PB_PB17.jpg,train,PB23S8600,olx_PB
gi_a_51d58875-0bdc-4488-84d9-8b7ad5883863___new_Maruti-Suzuki-Ignis-Rear-view-94486.jpg.jpeg,train,HR26DA0471,gi_a
gi1_a_car-wbs-MH20EE7598_00000.jpeg,train,MH20EE7598,gi1_a
gi_a_b79f870d-15c7-48e3-8874-7c0e53e29f75___3e7fd381-0ae5-4421-8a70-279ee0ec1c61_754eab882b8290b29a0454dd45580a39_555X416_1_-_Copy_(3).jpg,train,CRETA,gi_a
vi_a_video2_2150.jpg,train,MH47Y0205,vi_a
gi_a_b79f870d-15c7-48e3-8874-7c0e53e29f75___3e7fd381-0ae5-4421-8a70-279ee0ec1c61_754eab882b8290b29a0454dd45580a39_555X416_1.jpg,train,RJ27TC0530,gi_a
olx_UP_UP27.jpg,train,UP70ET7816,olx_UP
olx_BR_BR10.jpg,train,BR32PA6558,olx_BR
gi1_a_car-wbs-TN21AT0479_00000.jpg,train,TN21AT0479,gi1_a
gi_a_21cc678a-b9c5-4bbb-ace0-9e096e799632___unnamed-300x225.jpg.jpeg,train,DL13S0155,gi_a
vi1_a_video5_390.jpg,train,MH03CS6266,vi1_a
gi_a_11832b13-d514-4f1d-967c-d00e76d21e9b___Yellow-Number-Plate-With-Black-Lettering.jpg.jpeg,train,TN59AQ1515,gi_a
vi_a_video11_1850.jpg,train,MH47Y1124,vi_a
olx_HP_HP18.jpg,train,HP24C8D32,olx_HP
gi_a_52abe2c4-fde3-45b2-beec-f070e6ed98c7___Volkswagen-Vento-Rear-view-46765.jpg.jpeg,train,MH14EP4660,gi_a
vi_a_car-wbs-MH46BV0688_00000.png,train,MH46BV0688,vi_a
olx_JH_JH15.jpg,train,JH08C0625,olx_JH
gi1_a_car-wbs-MH20CS1941_00000.jpeg,train,MH20CS1941,gi1_a
gi_a_21cc678a-b9c5-4bbb-ace0-9e096e799632___unnamed-300x225.jpg_-_Copy.jpeg,train,DL758Y1790,gi_a
olx_AP_AP44.jpg,train,AP318L4935,olx_AP
vi1_a_video3_1450.jpg,train,MH14DX9938,vi1_a
olx_JH_JH14.jpg,train,JH10BV1496,olx_JH
olx_MP_MP4.jpg,train,MP09CK4943,olx_MP
gi_a_44ee098a-c33c-47a2-9dcb-717c02d5a240___3e7fd381-0ae5-4421-8a70-279ee0ec1c61_2013-Nissan-Terrano-Front.jpg,train,TN19TC91,gi_a
vi1_a_video4_3510.jpg,train,MH02DJ8952,vi1_a
gi1_a_car-wbs-TN21BY0166_00000.png,train,TN21BY0166,gi1_a
olx_GA_GA8.jpg,train,GA05B5077,olx_GA
vi1_a_video5_160.jpg,train,MH03CS6266,vi1_a
vi1_a_video8_1570.jpg,train,MH4705851,vi1_a
vi1_a_video2_440.jpg,train,MH02DN8718,vi1_a
gi1_a_car-wbs-HR26CB1900_00000.png,train,HR26CB1900,gi1_a
vi1_a_video3_1840.jpg,train,MH02EU4077,vi1_a
olx_WB_WB20.jpg,train,WB171717,olx_WB
olx_OD_OD19.jpg,train,OD11P6123,olx_OD
gi1_a_car-wbs-MH20BY3665_00001.jpeg,train,MH20BY3665,gi1_a
olx_AP_AP2.jpg,train,AP07AN3915,olx_AP
vi_a_video11_3840.jpg,train,MH01AM9839,vi_a
gi_a_9cad4b47-6c7b-4e30-ab55-b7fa040beb56___135717d1400912281-skoda-rapid-1-6tdi-cr-mt-elegance-ultima-candy-white-white-monster-_mg_2993comp.jpg.jpeg,train,TN74AH1413,gi_a
gi1_a_car-wbs-UP50AS4535_00000.jpg,train,UP50AS4535,gi1_a
olx_HP_HP22.jpg,train,HP64B3380,olx_HP
gi1_a_car-wbs-KL01CC50_00000.png,train,KL01CC50,gi1_a
olx_AR_AR12.jpg,train,AR118724,olx_AR
olx_GJ_GJ5.jpg,train,GJ1SCG7928,olx_GJ
vi_a_video11_1070.jpg,train,MH47Y1124,vi_a
vi1_a_video9_360.jpg,train,MH02FN2783,vi1_a
olx_DL_DL22.jpg,train,DL6CL0457,olx_DL
olx_RJ_RJ10.jpg,train,RJ14CM3730,olx_RJ
vi_a_video10_960.jpg,train,MH01AU0059,vi_a
olx_PB_PB13.jpg,train,PB08DT7342,olx_PB
vi1_a_video4_3100.jpg,train,MH01JA8939,vi1_a
olx_DN_DN2.jpg,train,DN09J1548,olx_DN
olx_GA_GA1.jpg,train,GA03R9230,olx_GA
vi_a_video2_3440.jpg,train,MH47AG4326,vi_a
olx_DL_DL12.jpg,train,DL5CH7599,olx_DL
olx_AP_AP34.jpg,train,AP37EJ2277,olx_AP
gi_a_b78259be-7ef5-4499-b9a2-2b8a37660e8b___Maruti-Suzuki-Celerio-Front-Number-Plates-Design.jpg.jpeg,train,KL10AW2814,gi_a
olx_AR_AR10.jpg,train,AR152019,olx_AR
vi_a_video11_4730.jpg,train,MH03CP1328,vi_a
vi1_a_video8_1300.jpg,train,MH02CR4364,vi1_a
olx_GJ_GJ15.jpg,train,GJ01HS1902,olx_GJ
vi1_a_video2_620.jpg,train,MH02BJ2456,vi1_a
vi_a_video11_4060.jpg,train,MH03DU5196,vi_a
olx_UP_UP21.jpg,train,UP52AH9705,olx_UP
gi_a_1438b735-2d21-4879-8ed4-e5fa086e70c8___Maruti-Suzuki-Swift-Dzire-1.jpg.jpeg,train,HR26BP3543,gi_a
olx_GJ_GJ17.jpg,train,GJ06DQ3712,olx_GJ
vi_a_video10_890.jpg,train,MH01AU0059,vi_a
olx_ML_ML36.jpg,train,ML08B1100,olx_ML
vi1_a_video3_1140.jpg,train,MH02EK4399,vi1_a
vi_a_video12_150.jpg,train,GJ15CD0564,vi_a
gi1_a_car-wbs-TN21AT0480_00000.jpg,train,TN21AT0480,gi1_a
olx_CG_CG8.jpg,train,CG04H5060,olx_CG
gi_a_369ccb4b-88fe-4e97-91c1-3838da2b7563___3e7fd381-0ae5-4421-8a70-279ee0ec1c61_Honda-Jazz-Number-Plates-Designs.jpg,train,TN42R2697,gi_a
olx_HP_HP19.jpg,train,HP54C6564,olx_HP
vi1_a_video9_390.jpg,train,MH02FN2783,vi1_a
vi_a_video2_3030.jpg,train,MH02EP4454,vi_a
olx_GJ_GJ18.jpg,train,GJ01RN4259,olx_GJ
vi1_a_video2_650.jpg,train,MH02BJ2456,vi1_a
olx_AP_AP39.jpg,train,AP05DY3395,olx_AP
olx_HR_HR3.jpg,train,HR29W8286,olx_HR
vi1_a_video8_2470.jpg,train,MH4705851,vi1_a
olx_MN_MN4.jpg,train,MN06LA0861,olx_MN
vi1_a_video3_1150.jpg,train,MH02EK4399,vi1_a
gi_a_304b14b8-dc3c-41cb-94b6-635864e2e964___number-plate-protector-car-safeplate-250x250.jpg.jpeg,train,GJ07BR1336,gi_a
olx_CH_CH6.jpg,train,CH01AZ2642,olx_CH
vi1_a_video8_1390.jpg,train,MH01BG7161,vi1_a
gi_a_a615016b-4d07-46c7-a52b-8d4319fe3a10___3e7fd381-0ae5-4421-8a70-279ee0ec1c61_nissan-terrano-rear-view.jpg,train,DL6CM6683,gi_a
vi1_a_video4_2730.jpg,train,MH01AV7461,vi1_a
vi1_a_video8_1310.jpg,train,MH02CR4364,vi1_a
vi_a_video11_790.jpg,train,MH01AX3070,vi_a
gi_a_9cd75347-8952-40b1-97c5-d628f1b59590___3e7fd381-0ae5-4421-8a70-279ee0ec1c61_Maruti-Swift-Number-Plates-Design.jpg,train,KL10AV6342,gi_a
vi1_a_video8_2090.jpg,train,MH02CR8276,vi1_a
vi1_a_video5_0.jpg,train,MH01BY7658,vi1_a
vi_a_video2_300.jpg,train,MH02DN8718,vi_a
vi1_a_video3_650.jpg,train,MH02ER9194,vi1_a
vi1_a_video5_60.jpg,train,MH03CS6266,vi1_a
olx_DL_DL21.jpg,train,DL12CS7886,olx_DL
olx_DL_DL29.jpg,train,DL8CAL4134,olx_DL
gi1_a_car-wbs-KL10AW2814_00001.jpeg,train,KL10AW2814,gi1_a
vi1_a_video8_1610.jpg,train,MH4705851,vi1_a
vi_a_video11_2050.jpg,train,MH47Y1124,vi_a
gi1_a_car-wbs-KA05MG1909_00000.png,train,KA05MG1909,gi1_a
olx_GJ_GJ27.jpg,train,GJ18BK6705,olx_GJ
gi_a_78a85f8b-de01-4036-ae91-2a1fa48bcf9f___new_995920d1349421647-cappuccino-beige-czech-tank-here-my-skoda-laura-2-0-elegance-mt-20121005_121433.jpg.jpeg,train,KA29Z999,gi_a
vi_a_video11_1980.jpg,train,MH02DQ0196,vi_a
vi1_a_video2_4370.jpg,train,MH01AV8814,vi1_a
vi_a_video10_690.jpg,train,DL3CCQ0107,vi_a
vi_a_video11_1600.jpg,train,MH02BQ9628,vi_a
vi_a_video11_1060.jpg,train,MH47Y1124,vi_a
gi_a_a9268f51-fbb4-42c2-b88c-f5ef9f8ead42___2266_7T4G0510.JPG.jpeg,train,HR99EX6037,gi_a
vi1_a_video2_460.jpg,train,MH02DN8718,vi1_a
vi_a_video11_2000.jpg,train,MH02DQ0196,vi_a
vi_a_video10_870.jpg,train,MH01AU0059,vi_a
vi1_a_video8_1370.jpg,train,MH01BG7161,vi1_a
vi_a_video2_1480.jpg,train,DL8CN6308,vi_a
vi_a_video11_1680.jpg,train,MH02BQ9628,vi_a
vi_a_video11_1000.jpg,train,MH47Y1124,vi_a
vi1_a_video4_2370.jpg,train,MH01AH8495,vi1_a
vi1_a_video3_1890.jpg,train,MH02EU4077,vi1_a
gi1_a_car-wbs-KL454455_00000.jpeg,train,KL454455,gi1_a
vi1_a_video8_1340.jpg,train,MH01BG7161,vi1_a
vi1_a_video5_360.jpg,train,MH03CS6266,vi1_a
vi1_a_video6_1070.jpg,train,MH02DS9365,vi1_a
vi1_a_video4_2420.jpg,train,MH01AH8495,vi1_a
vi_a_video11_220.jpg,train,MH43BK9513,vi_a
olx_CG_CG7.jpg,train,CG08K2057,olx_CG
gi1_a_car-wbs-MH14EH7958_00001.jpeg,train,MH14EH7958,gi1_a
vi1_a_video6_1110.jpg,train,MH02DS9365,vi1_a
gi1_a_car-wbs-KL10AV6342_00001.jpg,train,KL10AV6342,gi1_a
vi_a_video10_1700.jpg,train,GJ15D0564,vi_a
olx_CH_CH7.jpg,train,CH01AL4920,olx_CH
vi1_a_video6_1050.jpg,train,MH02DS9365,vi1_a
olx_WB_WB27.jpg,train,WB02AD4162,olx_WB
gi1_a_car-wbs-MH14EU3498_00000.jpeg,train,MH14EU3498,gi1_a
vi_a_video10_160.jpg,train,MH02EK0837,vi_a
vi1_a_video5_10.jpg,train,MH01BY7658,vi1_a
gi_a_5c85a40f-ce81-44b4-82b2-dfdac281217d___new_Skoda-Octavia-1.8-TSI-5.jpg.jpeg,train,MH20CS1941,gi_a
gi_a_27bfd7b7-6e0c-454c-b9f3-7a44d36edb9c___3e7fd381-0ae5-4421-8a70-279ee0ec1c61_nissan-terrano-rear-right-side-angle-view.jpg,train,DL6CM6683,gi_a
gi1_a_car-wbs-HR26BU0380_00000.png,train,HR26BU0380,gi1_a
vi_a_video11_410.jpg,train,MH02CW8226,vi_a
olx_DN_DN4.jpg,train,DN09J0032,olx_DN
vi1_a_video6_210.jpg,train,PB11AG0774,vi1_a
vi1_a_video3_1440.jpg,train,MH14DX9938,vi1_a
vi_a_video11_2830.jpg,train,MH04HM4154,vi_a
vi1_a_video4_2380.jpg,train,MH01AH8495,vi1_a
vi1_a_video2_4230.jpg,train,MH02BT6482,vi1_a
gi_a_0369b20e-b432-4409-90f9-2420877aa386___8151536c79159a1557421da5f27f9f0e.jpg.jpeg,train,KL05AK3300,gi_a
olx_ML_ML2.jpg,train,ML05Q8790,olx_ML
olx_AP_AP45.jpg,train,AP31BL2833,olx_AP
gi_a_504e7c29-e1dc-48c9-ace6-738cf934e368___2017-skoda-octavia-rs-12.jpg.jpeg,train,MH20TC640B,gi_a
olx_AR_AR3.jpg,train,AR169723,olx_AR
gi1_a_car-wbs-MH21V9926_00000.jpg,train,MH21V9926,gi1_a
olx_SK_SK13.jpg,train,SK05T0338,olx_SK
olx_DL_DL32.jpg,train,DL2CAR0108,olx_DL
vi_a_car-ybs-MH47N4570_00000.png,train,MH47N4570,vi_a
olx_HR_HR9.jpg,train,HR29AS0015,olx_HR
olx_KL_KL4.jpg,train,KL27D9809,olx_KL
vi1_a_video8_740.jpg,train,MH01CR7388,vi1_a
olx_WB_WB25.jpg,train,WB06H2237,olx_WB
vi_a_car-ybs-MH46BF2342_00000.png,train,MH46BF2342,vi_a
gi_a_car-wbs-DL3CAY9324_00000.jpeg,train,DL3CAY9324,gi_a
gi1_a_dfafd4ef-5592-41d9-9cbb-fa6a4e03831e___IMG_9082.jpg.jpeg,train,UP80CR00,gi1_a
vi1_a_video4_2820.jpg,train,MH01AV7461,vi1_a
vi1_a_video5_1830.jpg,train,MH01CV6333,vi1_a
olx_HP_HP4.jpg,train,HP48B2252,olx_HP
vi1_a_video8_1360.jpg,train,MH01BG7161,vi1_a
olx_JH_JH2.jpg,train,JH01AM0100,olx_JH
vi1_a_video4_2300.jpg,train,MH01CT9150,vi1_a
vi_a_video11_860.jpg,train,MH01AX3070,vi_a
olx_PB_PB15.jpg,train,PB30L5010,olx_PB
olx_PB_PB11.jpg,train,PB08C03690,olx_PB
vi_a_video11_2790.jpg,train,MH03BS4060,vi_a
vi_a_video2_1830.jpg,train,DL8CN6308,vi_a
gi_a_97846647-16f1-4ee2-b260-60774a21cc74___new_Maruti-Suzuki-Swift-Dzire-1.jpg.jpeg,train,HR26BP3543,gi_a
olx_TR_TR5.jpg,train,TR01X0482,olx_TR
vi1_a_video8_960.jpg,train,MH04CT3566,vi1_a
vi_a_car-wbs-MH12FU1014_00000.png,train,MH12FU1014,vi_a
gi1_a_car-wbs-MH04DW8351_00000.jpeg,train,MH04DW8351,gi1_a
olx_HP_HP11.jpg,train,HP12H7917,olx_HP
vi1_a_video5_70.jpg,train,MH03CS6266,vi1_a
olx_AN_AN5.jpg,train,AN01L6155,olx_AN
gi1_a_f94e9bcf-ec4a-418a-8685-14b71b82a039___3e7fd381-0ae5-4421-8a70-279ee0ec1c61_848126147_1_1080x720_nissan-terrano-xl-d-plus-2014-diesel-surat.jpg,train,GJ05JH2501,gi1_a
vi_a_video11_3680.jpg,train,MH03AR7140,vi_a
olx_KL_KL15.jpg,train,KL43G6619,olx_KL
vi_a_video11_1100.jpg,train,MH47Y1124,vi_a
vi1_a_video6_990.jpg,train,MH02DS9365,vi1_a
vi_a_video11_4610.jpg,train,MH01AM5810,vi_a
vi1_a_video9_80.jpg,train,MH01DT1917,vi1_a
vi_a_video10_900.jpg,train,MH01AU0059,vi_a
olx_MH_MH14.jpg,train,MH43X8997,olx_MH
olx_JK_JK8.jpg,train,JK02W2657,olx_JK
olx_DL_DL11.jpg,train,DL9CAP8884,olx_DL
gi_a_6e52e238-927b-46e0-a8f1-5f77ef1ecf9f___3e7fd381-0ae5-4421-8a70-279ee0ec1c61_nissan-terrano-rear.jpg,train,RJ27TC0530,gi_a
vi1_a_video2_4780.jpg,train,MH02BT6482,vi1_a
vi1_a_video3_2000.jpg,train,MH02ER9194,vi1_a
vi_a_video11_1330.jpg,train,MH01DB1477,vi_a
olx_MP_MP2.jpg,train,MP04CL8840,olx_MP
olx_WB_WB18.jpg,train,WB06J2192,olx_WB
gi_a_0b24d6ed-d32f-420d-bc18-03deece29073___2015-Maruti-Ciaz-Test-Drive-Review.jpg.jpeg,train,HR26CK8571,gi_a
olx_HR_HR13.jpg,train,HR51AQ0911,olx_HR
olx_JH_JH17.jpg,train,JH01AR2011,olx_JH
vi_a_video11_3870.jpg,train,MH02DZ9898,vi_a
olx_AN_AN4.jpg,train,AN01M4M,olx_AN
olx_GJ_GJ14.jpg,train,GJ06DG9355,olx_GJ
olx_HR_HR1.jpg,train,HR26BQ8176,olx_HR
gi2_b_car-wbs-DL8CX4850_00000.png,train,DL8CX4850,gi2_b
vi1_a_video8_980.jpg,train,MH04CT3566,vi1_a
olx_CH_CH5.jpg,train,CH01AP4538,olx_CH
vi1_a_video4_3500.jpg,train,MH02DJ8952,vi1_a
vi1_a_video8_940.jpg,train,MH02CD7733,vi1_a
gi1_a_car-wbs-GJ03JL0126_00000.png,train,GJ03JL0126,gi1_a
gi_a_a34aeb21-ffe8-4357-80d3-8f212c62c816___new_main_cropped.jpg.jpeg,train,UP16TC1366,gi_a
olx_BR_BR14.jpg,train,BR01BL6628,olx_BR
olx_TS_TS3.jpg,train,TS09EZ9293,olx_TS
olx_DL_DL19.jpg,train,DL1CT2782,olx_DL
olx_GA_GA10.jpg,train,GA01R6315,olx_GA
gi_a_3f677265-d5fa-439f-be23-feaacce22c49___3e7fd381-0ae5-4421-8a70-279ee0ec1c61_848126147_2_1080x720_nissan-terrano-xl-d-plus-2014-diesel-upload-photos.jpg,train,GJ05JH2501,gi_a
vi_a_video11_1840.jpg,train,MH47Y1124,vi_a
olx_AN_AN2.jpg,train,AN01D4163,olx_AN
vi1_a_video2_5280.jpg,train,MH02BT6482,vi1_a
olx_GJ_GJ1.jpg,train,GJ7AG4373,olx_GJ
vi1_a_video4_2240.jpg,train,MH01CT9150,vi1_a
vi_a_car-wbs-MH43AF5037_00000.png,train,MH43AF5037,vi_a
olx_UK_UK9.jpg,train,UK06J3953,olx_UK
olx_PY_PY6.jpg,train,PY01AP0555,olx_PY
vi_a_video11_1690.jpg,train,MH02BQ9628,vi_a
vi1_a_video8_800.jpg,train,MH12SF3212,vi1_a
vi_a_video11_1270.jpg,train,MH01DB1477,vi_a
gi_a_4f86fbad-3a04-4c11-a8fa-e897727fc2c7___Number-plate-1.jpg.jpeg,train,MH14GN9239,gi_a
vi_a_video2_1750.jpg,train,DL8CN6308,vi_a
olx_AP_AP10.jpg,train,AP39E1493,olx_AP
vi_a_video10_710.jpg,train,DL3CCQ0107,vi_a
vi1_a_video6_1040.jpg,train,MH02DS9365,vi1_a
vi1_a_video2_5250.jpg,train,MH02BT6482,vi1_a
vi_a_video11_540.jpg,train,MH02DQ0196,vi_a
vi_a_video10_770.jpg,train,MH01AU0059,vi_a
vi1_a_video4_2210.jpg,train,MH01CT9150,vi1_a
gi_a_60842fa7-0a2e-4407-b41c-933d93bdbb35___3e7fd381-0ae5-4421-8a70-279ee0ec1c61_nissan-terrano-red-rear.jpg,train,RJ27TC0530,gi_a
vi1_a_video4_2800.jpg,train,MH01AV7461,vi1_a
gi_a_0850c175-0b8d-47f2-801c-e29f1dbdb367___3e7fd381-0ae5-4421-8a70-279ee0ec1c61_571.jpg,train,RJ27TC0530,gi_a
olx_MH_MH23.jpg,train,MH49AS5099,olx_MH
olx_TS_TS12.jpg,train,TS09UA7948,olx_TS
vi_a_video11_1610.jpg,train,MH02BQ9628,vi_a
vi1_a_video2_180.jpg,train,MH02EK4399,vi1_a
vi_a_video10_760.jpg,train,MH01AU0059,vi_a
gi1_a_car-wbs-KL20K7561_00000.jpeg,train,KL20K7561,gi1_a
gi_a_346a6946-ae0a-4b3f-b094-d971124b2064___banner_3.png,train,DL6CAB123X,gi_a
vi1_a_video8_0.jpg,train,MH02CD3654,vi1_a
gi1_a_car-wbs-KL65H4383_00000.jpg,train,KL65H4383,gi1_a
gi1_a_car-wbs-KL53E964_00000.jpeg,train,KL53E964,gi1_a
olx_PY_PY7.jpg,train,PY036993,olx_PY
gi1_a_car-wbs-TN99F2378_00000.jpeg,train,TN99F2378,gi1_a
olx_PY_PY9.jpg,train,PY055353,olx_PY
olx_JK_JK11.jpg,train,JK03D7750,olx_JK
vi1_a_video4_2840.jpg,train,MH01AV7461,vi1_a
gi_a_092c497e-623d-499d-822a-4b01c657389b___3e7fd381-0ae5-4421-8a70-279ee0ec1c61_nissan-terrano-rear-left-rim.jpg,train,KL63C8800,gi_a
olx_PY_PY10.jpg,train,PY01CE4149,olx_PY
vi_a_video10_140.jpg,train,MH02EK0837,vi_a
vi1_a_video3_1760.jpg,train,MH02BT6482,vi1_a
olx_AP_AP46.jpg,train,AP31CS2511,olx_AP
vi1_a_video3_1770.jpg,train,MH02BT6482,vi1_a
vi_a_video10_180.jpg,train,MH02EK0837,vi_a
gi_a_23d775eb-842f-4f57-ad7a-affafa21660a___215453-new-2016-maruti-ertiga-granite-grey-zdi-shvs-highway-champion-img_8168.jpg.jpeg,train,TN37CR4019,gi_a
gi1_a_car-wbs-MH06AW8929_00001.jpeg,train,MH06AW8929,gi1_a
vi1_a_video4_2230.jpg,train,MH01CT9150,vi1_a
gi1_a_fac9f4e6-c4b9-4872-86da-79d58ea2adc5___5273.jpg.jpeg,train,MH02B16890,gi1_a
olx_JK_JK9.jpg,train,JK02CD0461,olx_JK
olx_AS_AS15.jpg,train,AS01BF9673,olx_AS
olx_OD_OD12.jpg,train,OR05AN4494,olx_OD
gi_a_3bc3f147-2d6b-484a-8481-4a49fd8afe23___3e7fd381-0ae5-4421-8a70-279ee0ec1c61_844581764_1_1080x720_nissan-terrano-xv-d-thp-110-ps-2013-diesel-faridabad.jpg,train,HR51AY9099,gi_a
olx_TN_TN2.jpg,train,TN76V1978,olx_TN
gi1_a_car-wbs-MH12JC2813_00000.jpeg,train,MH12JC2813,gi1_a
olx_PY_PY15.jpg,train,PY05A8339,olx_PY
olx_SK_SK9.jpg,train,SK01T8791,olx_SK
olx_BR_BR3.jpg,train,BR01AZ6290,olx_BR
olx_JK_JK19.jpg,train,JK127959,olx_JK
vi1_a_video5_380.jpg,train,MH03CS6266,vi1_a
olx_TR_TR6.jpg,train,TR01BG0365,olx_TR
vi1_a_video8_1090.jpg,train,MH03AM3025,vi1_a
olx_SK_SK12.jpg,train,SK01T3835,olx_SK
vi_a_video10_950.jpg,train,MH01AU0059,vi_a
gi1_a_f16274c4-0d3d-4c85-9dcc-5ac71734b281___speedex-number-plates-nandanam-chennai-car-number-plate-dealers-1ofla74.jpg.jpeg,train,KL7BZ99,gi1_a
vi_a_video11_4010.jpg,train,MH01BM4824,vi_a
gi_a_car-wbs-CH01AN0001_00000.png,train,CH01AN0001,gi_a
gi_a_254b647f-4cb3-46c3-a206-4e70041f4c78___speedex-number-plates-nandanam-chennai-car-number-plate-dealers-33nu2i6.jpg.jpeg,train,TN45BA1065,gi_a
vi_a_video11_4070.jpg,train,MH03DU5196,vi_a
olx_KL_KL9.jpg,train,KL16U8863,olx_KL
olx_MH_MH6.jpg,train,MH47N0712,olx_MH
gi_a_car-wbs-DL7CN5617_00000.png,train,DL7CN5617,gi_a
olx_GJ_GJ29.jpg,train,GJ01RM3413,olx_GJ
olx_SK_SK1.jpg,train,SK01PA2969,olx_SK
vi1_a_video8_750.jpg,train,MH01CR7388,vi1_a
vi_a_video2_2210.jpg,train,MH47Y0205,vi_a
vi_a_video2_380.jpg,train,MH02DN8718,vi_a
vi1_a_video8_2460.jpg,train,MH02FD6534,vi1_a
vi_a_video11_2750.jpg,train,MH03BS4060,vi_a
olx_JH_JH18.jpg,train,JH05S3291,olx_JH
vi_a_video11_4740.jpg,train,MH03CP1328,vi_a
vi_a_video2_280.jpg,train,MH02DN8718,vi_a
olx_MH_MH12.jpg,train,MH12NJ5838,olx_MH
olx_GJ_GJ16.jpg,train,GJ01KC9959,olx_GJ
gi_a_26d2b905-4055-41fe-a933-47db0e8a0a7f___37cba8c3f681f0cb5694f16a4c54aa7b.jpg.jpeg,train,HR26CF5868,gi_a
gi1_a_f8a992cc-a1cc-4d68-88c1-bec1a46fc148___Honda-City-Number-Plates-Design.jpg.jpeg,train,TN02BL9,gi1_a
olx_MH_MH1.jpg,train,MH06AB8620,olx_MH
gi1_a_car-wbs-TS08ER1643_00000.png,train,TS08ER1643,gi1_a
gi_a_c41652d9-19ae-4a7d-8423-230340ac30bc___Skoda_Laura_DSG_Long_Term_Review-125.jpg.jpeg,train,MH20BN3525,gi_a
vi_a_video11_4960.jpg,train,MH01AM7014,vi_a
olx_JK_JK27.jpg,train,JK01D8354,olx_JK
gi_a_ba457a81-cf10-4879-8e8f-3a0a8d10689a___3e7fd381-0ae5-4421-8a70-279ee0ec1c61_hqdefault.jpg,train,RJ27TC0530,gi_a
olx_AP_AP22.jpg,train,AP16CH9545,olx_AP
olx_GA_GA2.jpg,train,GA08M0184,olx_GA
vi_a_video10_130.jpg,train,MH02EK0837,vi_a
olx_TN_TN7.jpg,train,TN07BT5778,olx_TN
olx_ML_ML38.jpg,train,ML064696,olx_ML
olx_TS_TS11.jpg,train,TS08FZ8298,olx_TS
vi_a_video11_3710.jpg,train,MH03AR7140,vi_a
vi1_a_video4_330.jpg,train,MH04GM7982,vi1_a
vi_a_video11_1440.jpg,train,MH02EZ2599,vi_a
olx_AP_AP21.jpg,train,AP31AT5064,olx_AP
vi1_a_video8_790.jpg,train,MH12SF3212,vi1_a
gi1_a_car-wbs-TN52U1580_00000.jpeg,train,TN52U1580,gi1_a
olx_BR_BR6.jpg,train,BR7P3952,olx_BR
vi1_a_video6_900.jpg,train,MH02DS9365,vi1_a
vi_a_video2_240.jpg,train,MH02EU4884,vi_a
olx_MP_MP10.jpg,train,MP08CA6293,olx_MP
gi_a_7f768bfc-4c86-4fff-932d-c9871a82dce5___1431955d1446017445-number-plates-merchandise-canvas-ink-gurgaon-edit-closed-thumb_img_4422_1024.jpg.jpeg,train,MH03BS7778,gi_a
gi_a_12e26859-89e0-4c9b-9c59-ee793337464f___20.jpg.jpeg,train,HR26BR9044,gi_a
olx_JK_JK24.jpg,train,JK02BN3088,olx_JK
olx_OD_OD11.jpg,train,OR02BV0701,olx_OD
vi1_a_video8_2270.jpg,train,MH01BT9066,vi1_a
gi_a_a2d49f53-4121-4627-b5d9-069f8b2f8490___840256171_1_1080x720_maruti-suzuki-wagon-r-vxi-with-abs-minor-2014-petrol-erode.jpg.jpeg,train,TN38BY4191,gi_a
gi_a_c1d91c5e-128b-41d4-9f9d-ebfbef98b597___High_security_n15816.jpg.jpeg,train,MH01AE8017,gi_a
olx_HR_HR4.jpg,train,HR10AE9885,olx_HR
vi1_a_video6_650.jpg,train,MHD1CV9311,vi1_a
vi_a_video11_2370.jpg,train,MH47AV6753,vi_a
gi1_a_fb939bb1-5257-4879-bafb-539472ffb73d___Maruti-Suzuki-Brezza-Number-Plates-Design.jpg.jpeg,train,KL10AW2111,gi1_a
olx_KA_KA11.jpg,train,KA04MK0368,olx_KA
olx_HP_HP10.jpg,train,HP52B5958,olx_HP
vi_a_video11_2380.jpg,train,MH12FT9458,vi_a
vi_a_video2_2230.jpg,train,MH47Y0205,vi_a
vi_a_video10_1290.jpg,train,MH05DS8679,vi_a
vi_a_video11_980.jpg,train,MH47Y1124,vi_a
vi_a_video11_2800.jpg,train,MH02WA8344,vi_a
olx_WB_WB13.jpg,train,WB26K2760,olx_WB
olx_JK_JK30.jpg,train,JK02ACB876,olx_JK
olx_GJ_GJ13.jpg,train,GJ06KP8508,olx_GJ
vi1_a_video6_1120.jpg,train,MH02DS9365,vi1_a
gi_a_206c95ff-83b8-4273-b105-6637bf9a3038___numerix-number-plates-thodupuzha-idukki-number-plate-dealers-1lhwiga.jpg.jpeg,train,KL38F5008,gi_a
olx_OD_OD20.jpg,train,OD01Q4668,olx_OD
gi_a_41209caa-2aa2-4003-b057-e0508c1d5ac9___Volkswagen-Ameo-Exterior-68165.jpg.jpeg,train,MH14TCD204,gi_a
olx_PB_PB1.jpg,train,PB11BG7347,olx_PB
olx_AS_AS3.jpg,train,AS23E0596,olx_AS
vi_a_video11_1660.jpg,train,MH02BQ9628,vi_a
olx_DN_DN8.jpg,train,DN09C0868,olx_DN
gi1_a_car-wbs-HR26CE1485_00000.png,train,HR26CE1485,gi1_a
vi1_a_video2_480.jpg,train,MH02DN8718,vi1_a
vi_a_video11_3910.jpg,train,MH04JM3383,vi_a
gi_a_5ac9f7b9-f7cc-4161-bbd1-7f377bb890bf___3e7fd381-0ae5-4421-8a70-279ee0ec1c61_Nissan-Terrano-John-Abraham.jpg,train,MH03CB6467,gi_a
olx_PB_PB26.jpg,train,PB04T0678,olx_PB
gi_a_07aaab79-71ee-4ea3-a9e6-640191183947___3e7fd381-0ae5-4421-8a70-279ee0ec1c61_1208484d1392541449-nissan-terrano-official-review-img_20140215_181708.jpg,train,KA18P2987,gi_a
gi1_a_car-wbs-MH20BN3525_00001.jpeg,train,MH20BN3525,gi1_a
gi_a_2302b12c-3d74-4d6c-b376-ba8ab308a8c3___big_215451_1320738450.jpg.jpeg,train,MH20BY4465,gi_a
vi1_a_video3_1660.jpg,train,MH02EE8407,vi1_a
gi_a_bbf22d00-3dd6-4338-b701-264e0c0c0aff___Maruti-Swift-DZire-Photos-1.jpg.jpeg,train,HR26CM6005,gi_a
gi1_a_e719f39b-e8dd-4fe0-9a41-71123932a486___226676869_4_1000x700_maruti-suzuki-wagon-r-duo-petrol-120000-kms-2007-year-cars_rev001.jpg.jpeg,train,KL07BF5000,gi1_a
olx_CG_CG16.jpg,train,CG07R2684,olx_CG
vi1_a_video2_450.jpg,train,MH02DN8718,vi1_a
vi1_a_video5_140.jpg,train,MH03CS6266,vi1_a
olx_PB_PB4.jpg,val,PB07BL8058,olx_PB
gi_a_7f7e27cc-930a-46cb-b3af-6e43da8b566d___3e7fd381-0ae5-4421-8a70-279ee0ec1c61_Nissan-Terrano-Petrol-Review-Images-Black-Front-Grille-720x480.jpg,val,TN21AT0492,gi_a
gi_a_38cee3dd-dead-4ba0-b350-0f82d94836da___3e7fd381-0ae5-4421-8a70-279ee0ec1c61_big_467860_1505633598.jpg,val,HR26TC7303,gi_a
vi_a_video11_4790.jpg,val,MH03CP1328,vi_a
olx_AP_AP25.jpg,val,AP26AM1260,olx_AP
olx_TN_TN9.jpg,val,TN19Q0835,olx_TN
olx_AS_AS24.jpg,val,AS23G2612,olx_AS
gi_a_3febea0e-53c0-4b30-880c-3061458b93ce___Maruti-Vitara-Brezza-rear-end-full-review.jpg.jpeg,val,HR26U7501,gi_a
vi_a_video10_910.jpg,val,MH01AU0059,vi_a
vi_a_video10_1250.jpg,val,MH05DS8679,vi_a
gi1_a_car-wbs-MH14EP4660_00000.jpeg,val,MH14EP4660,gi1_a
gi1_a_car-wbs-HR26CU6799_00000.png,val,HR26CU6799,gi1_a
vi1_a_video6_880.jpg,val,MH02DS9365,vi1_a
olx_JK_JK14.jpg,val,JK11D8143,olx_JK
olx_ML_ML8.jpg,val,ML087084,olx_ML
vi_a_car-ybs-MH46AD5258_00000.png,val,MH46AD5258,vi_a
vi1_a_video4_2810.jpg,val,MH01AV7461,vi1_a
vi_a_video2_3750.jpg,val,MH47N2829,vi_a
vi1_a_video5_1840.jpg,val,MH01CV6333,vi1_a
gi_a_89d26be7-258a-4470-b0fe-d1df57b20d55___new_Skoda-Octavia-5.jpg.jpeg,val,MH20CS1938,gi_a
vi1_a_video4_2830.jpg,val,MH01AV7461,vi1_a
gi1_a_car-wbs-GJ05JH2501_00000.jpg,val,GJ05JH2501,gi1_a
olx_DL_DL26.jpg,val,DL11CA4900,olx_DL
olx_NL_NL4.jpg,val,NL02C3947,olx_NL
vi_a_video11_3660.jpg,val,MH03CB0229,vi_a
vi1_a_video4_2020.jpg,val,MH02DS3099,vi1_a
olx_DL_DL38.jpg,val,DL4CAQ3231,olx_DL
vi1_a_video8_840.jpg,val,MH02DS4676,vi1_a
gi1_a_car-wbs-MH01AV8866_00000.png,val,MH01AV8866,gi1_a
vi_a_video12_100.jpg,val,MH02BG9542,vi_a
olx_UP_UP22.jpg,val,UP11AY0646,olx_UP
gi_a_15e7c19f-da3c-4f0d-91f3-552afabc8961___41FxrEl7jHL.jpg.jpeg,val,DL10CG4693,gi_a
olx_MP_MP9.jpg,val,MP45G0872,olx_MP
olx_HP_HP6.jpg,val,HP01A7630,olx_HP
gi_a_7f369852-27b9-4141-8c48-9e88b20743a6___new_Mahindra-Scorpio-Taillamps-Night.JPG.jpeg,val,MH01BU5207,gi_a
gi_a_aea95aa0-a000-4103-945d-c173383bd646___3e7fd381-0ae5-4421-8a70-279ee0ec1c61_Nissan-Terrano-11.jpg,val,RJ27TC0530,gi_a
olx_TR_TR10.jpg,val,TR07D0569,olx_TR
vi1_a_video4_3130.jpg,val,MH01JA8939,vi1_a
gi_a_3515f71d-cdd6-4050-ae68-7b7afd4c0a11___8.jpeg,val,KL06H5834,gi_a
vi_a_video11_2200.jpg,val,MH47AV6753,vi_a
vi1_a_video3_310.jpg,val,MH14FS5229,vi1_a
olx_DL_DL4.jpg,val,DL9CAU5573,olx_DL
gi1_a_car-wbs-MH20EE7598_00001.jpeg,val,MH20EE7598,gi1_a
olx_GJ_GJ20.jpg,val,GJ01RK2430,olx_GJ
gi1_a_car-wbs-MH03BS7778_00000.jpeg,val,MH03BS7778,gi1_a
vi1_a_video2_4520.jpg,val,MH02BT6482,vi1_a
olx_MH_MH2.jpg,val,MH48AK2798,olx_MH
olx_AR_AR9.jpg,val,AR01E1034,olx_AR
gi1_a_car-wbs-MH20EE045_00000.jpeg,val,MH20EE045,gi1_a
vi_a_video11_3940.jpg,val,MH01BT4302,vi_a
gi1_a_car-wbs-KL16J3636_00000.jpeg,val,KL16J3636,gi1_a
vi1_a_video6_40.jpg,val,PB11AG0774,vi1_a
vi1_a_video8_870.jpg,val,MH01BT0050,vi1_a
gi_a_bb210ab4-795c-4b2b-9b6e-4597cbc67375___White-2BPlate.jpeg,val,MH01AV8866,gi_a
gi_a_84969111-2ec3-4914-b3bb-da5aaac701e7___1.jpg.jpeg,val,MH20TC830C,gi_a
olx_CH_CH9.jpg,val,CH01AF1382,olx_CH
olx_HP_HP5.jpg,val,HP01N0304,olx_HP
gi_a_85bd88a0-ac9a-412e-ba44-2a29d209e212___4336_1466054535_9.jpg.jpeg,val,MH14TCE4,gi_a
vi1_a_video8_770.jpg,val,MH01CR7388,vi1_a
vi1_a_video5_180.jpg,val,MH03CS6266,vi1_a
vi1_a_video3_1510.jpg,val,MH14DX9938,vi1_a
vi1_a_video2_4980.jpg,val,MH02BT6482,vi1_a
vi1_a_video8_970.jpg,val,MH04CT3566,vi1_a
olx_PY_PY1.jpg,val,PY01Q7947,olx_PY
olx_MH_MH17.jpg,val,MH01BT7906,olx_MH
gi_a_8625b831-13a1-4b7d-9466-826cd6d36c67___1304650d1414861991-number-plates-merchandise-canvas-ink-gurgaon-edit-closed-10471269_1537317779842156_5063668061078329632_n.jpg.jpeg,val,DL7CN5617,gi_a
gi1_a_fe3c95e4-7bd4-40f5-98a9-9fc635957d9c___3e7fd381-0ae5-4421-8a70-279ee0ec1c61_Baleno-Number-Plates-Design.jpg,val,KL10AV6633,gi1_a
vi1_a_video8_1410.jpg,val,MH4705851,vi1_a
olx_DL_DL28.jpg,val,DL40NA7238,olx_DL
vi_a_video11_2290.jpg,val,MH47AV6753,vi_a
vi1_a_video3_1710.jpg,val,MH02EE8407,vi1_a
olx_AS_AS25.jpg,val,AS01BS4362,olx_AS
olx_DN_DN6.jpg,val,DN0901438,olx_DN
gi1_a_car-wbs-MH20BN3525_00000.jpeg,val,MH20BN3525,gi1_a
olx_ML_ML19.jpg,val,ML04C0056,olx_ML
vi_a_video11_4810.jpg,val,MH03CP1328,vi_a
vi1_a_video4_2410.jpg,val,MH01AH8495,vi1_a
olx_KL_KL7.jpg,val,KL41M93,olx_KL
vi_a_video11_1140.jpg,val,MH47Y1124,vi_a
vi_a_video11_780.jpg,val,MH01AX3070,vi_a
olx_RJ_RJ5.jpg,val,RJ14CF5807,olx_RJ
olx_DL_DL14.jpg,val,DL9CAU4743,olx_DL
vi_a_video11_2260.jpg,val,MH47AV6753,vi_a
gi_a_074d85b8-42ec-4d17-9b8e-9e51ae060243___hqdefault.jpg.jpeg,val,TN43J0158,gi_a
gi_a_52b45060-9645-47c7-882d-b69a5bf07eff___1006372d1351343820-my-new-maruti-swift-zxi-21102012241.jpg.jpeg,val,KA031351,gi_a
vi_a_video11_4090.jpg,val,MH01DK4867,vi_a
gi_a_77d1f81a-bee6-487c-aff2-0efa31a9925c____bd7f7862-d727-11e7-ad30-e18a56154311.jpg.jpeg,val,MH15TC554,gi_a
olx_HR_HR14.jpg,val,HR51BU8218,olx_HR
gi_a_0c9ebe94-827d-4c74-9950-6816e70d1bab___IMG_8883.jpg.jpeg,val,MH20BY3665,gi_a
gi_a_2e23964b-ce59-4bcf-8c35-98f3a096a748___design-ind-number-plates-vijayanagar-bangalore-number-plate-dealers-2etqybj.jpg.jpeg,val,KA05HS4495,gi_a
olx_UP_UP23.jpg,val,UP78ED0449,olx_UP
olx_PB_PB29.jpg,val,PB10EE0888,olx_PB
vi_a_video11_2280.jpg,val,MH47AV6753,vi_a
olx_JK_JK6.jpg,val,JK01R8021,olx_JK
olx_PB_PB5.jpg,val,PB2313752,olx_PB
gi_a_27a88c24-0bf2-48b0-98a8-fa396e951045___3e7fd381-0ae5-4421-8a70-279ee0ec1c61_7T4G0491-e1376988169395-1024x577.jpg,val,TN21TC611,gi_a
vi1_a_video3_1800.jpg,val,MH02BT6482,vi1_a
gi_a_aa221c22-6600-4f05-9eb9-3676ef0b22e0___69590d1226627898-high-security-number-plates-india-d1.jpg.jpeg,val,MH12DE1433,gi_a
vi_a_video11_1940.jpg,val,MH47Y1124,vi_a
vi_a_video11_2570.jpg,val,MH04JL5547,vi_a
gi1_a_d3d2cbaa-f24a-4cb7-a236-53fa514816b4___new_2017-Skoda-Rapid-Diesel-DSG-Review-6.jpg.jpeg,val,MH20EE045,gi1_a
vi1_a_video8_1320.jpg,val,MH02CR4364,vi1_a
olx_WB_WB12.jpg,val,WB26S5093,olx_WB
vi1_a_video2_5240.jpg,val,MH02BT6482,vi1_a
vi1_a_video6_1080.jpg,val,MH02DS9365,vi1_a
olx_UP_UP19.jpg,val,UP45Q3028,olx_UP
olx_KL_KL8.jpg,val,KL07BU7707,olx_KL
olx_GJ_GJ28.jpg,val,GJ05JB6589,olx_GJ
vi_a_video2_400.jpg,val,MH02DN8718,vi_a
vi_a_video11_1250.jpg,val,MH47Y1124,vi_a
olx_DL_DL16.jpg,val,DL9CAV1739,olx_DL
olx_SK_SK8.jpg,val,SK01PA5349,olx_SK
vi_a_video12_140.jpg,val,GJ15CD0564,vi_a
vi1_a_video8_730.jpg,val,MH01CR7388,vi1_a
olx_GA_GA6.jpg,val,GA02J2129,olx_GA
olx_CG_CG14.jpg,val,CG09JA2359,olx_CG
olx_KA_KA18.jpg,val,KA04MK312,olx_KA
gi1_a_cbd81ff4-fc2a-4cd5-bed6-0fef4c456caa___226616d1495986750-zoomcar-review-mahindra-scorpio-s4-09-pamban.jpg.jpeg,val,KA51AA3469,gi1_a
olx_TR_TR9.jpg,val,TR01AS0609,olx_TR
vi1_a_video8_1430.jpg,val,MH4705851,vi1_a
olx_PY_PY12.jpg,val,PY01AH9067,olx_PY
gi1_a_d4bec046-caac-4e59-bd05-44de2232d83b___2017-Skoda-Octavia-Front.jpg.jpeg,val,MH20EE7601,gi1_a
gi1_a_dd58e02d-51a5-4bfd-87af-ff51c576086e___2014-mahindra-scorpio-suv-10.jpg.jpeg,val,MH46Z8892,gi1_a
olx_CG_CG17.jpg,val,CG07MA2529,olx_CG
gi_a_8c4371ee-a997-4b21-82c4-cb5e767c4d06___kia-sorento-spied-in-India.jpg.jpeg,val,AP02BP2454,gi_a
vi1_a_video5_190.jpg,val,MH03CS6266,vi1_a
gi_a_a1928183-9ebe-40f0-9a84-500aecc61474___2014-Skoda-Superb-facelift-spied-in-India.jpg.jpeg,val,MH20TC189B,gi_a
olx_UK_UK3.jpg,val,UK185763,olx_UK
olx_KA_KA12.jpg,val,KA02MF3336,olx_KA
vi_a_video12_110.jpg,val,MH02BG9542,vi_a
gi_a_65e2825e-943f-48a3-a4e2-7e81d649ace2___3e7fd381-0ae5-4421-8a70-279ee0ec1c61_nissan-terrano-L.jpg,val,RJ27TC0530,gi_a
vi_a_video11_1990.jpg,val,MH02DQ0196,vi_a
vi_a_video11_1170.jpg,val,MH04EX7505,vi_a
vi1_a_video2_430.jpg,val,MH02DN8718,vi1_a
gi1_a_car-wbs-KL10AV6633_00000.jpg,val,KL10AV6633,gi1_a
gi_a_8dbb3ea7-8512-49e4-9ede-d4647e3b7dd2___158712081_5_1000x700_toyota-innova-v-2010-7seat-life-tax-kerala_rev001.jpg.jpeg,val,KL02AF6363,gi_a
vi1_a_video3_570.jpg,val,MH02ER9194,vi1_a
vi_a_video11_1130.jpg,val,MH47Y1124,vi_a
olx_JH_JH13.jpg,val,JH01AM2354,olx_JH
gi_a_c48f8704-bc40-462a-a595-445b2f2e63fe___new_77cca4b6f3864b3928824a030ba101d2.jpg.jpeg,val,KL60N5344,gi_a
olx_CG_CG18.jpg,val,CG07CA7784,olx_CG
olx_MP_MP6.jpg,val,MP07CA5563,olx_MP
gi1_a_car-wbs-WB74X7605_00000.jpeg,val,WB74X7605,gi1_a
vi1_a_video4_3770.jpg,val,MH02DW8021,vi1_a
olx_GJ_GJ10.jpg,val,GJ01RA8370,olx_GJ
olx_UP_UP2.jpg,val,UP85BN4203,olx_UP
olx_AP_AP26.jpg,val,AP31BR9501,olx_AP
olx_TS_TS10.jpg,val,TS11EQ2914,olx_TS
olx_HR_HR12.jpg,val,HR29R9466,olx_HR
vi_a_video10_1270.jpg,val,MH05DS8679,vi_a
olx_BR_BR12.jpg,val,BR03PA3803,olx_BR
gi_a_5345a45f-8d1b-4984-b5ee-a69fc4cbda6a___new__bd7f7862-d727-11e7-ad30-e18a56154311.jpg.jpeg,val,MH15TC554,gi_a
vi1_a_video6_1030.jpg,val,MH02DS9365,vi1_a
gi1_a_car-wbs-MH01AE8017_00000.jpeg,val,MH01AE8017,gi1_a
vi1_a_video4_2660.jpg,val,MH01AV7461,vi1_a
vi_a_video10_720.jpg,val,DL3CCQ0107,vi_a
olx_TS_TS2.jpg,val,TS07EL3335,olx_TS
gi_a_2fbe224b-e775-4c74-b975-fd66d2397ef6___3e7fd381-0ae5-4421-8a70-279ee0ec1c61_Nissan-Terrano.jpg,val,RJ27TC0530,gi_a
vi1_a_video6_830.jpg,val,MH02DS9365,vi1_a
gi1_a_car-wbs-MH14DX9937_00000.png,val,MH14DX9937,gi1_a
vi1_a_video3_1810.jpg,val,MH02BT6482,vi1_a
vi_a_video11_4950.jpg,val,MH01AM7014,vi_a
olx_AR_AR13.jpg,val,AR200692,olx_AR
olx_MH_MH4.jpg,val,MH12MF6822,olx_MH
olx_HR_HR20.jpg,test,HR26EJ7668,olx_HR
olx_AP_AP13.jpg,test,AP39JJ5441,olx_AP
olx_MP_MP11.jpg,test,MP07CB8897,olx_MP
olx_DL_DL10.jpg,test,DL9CAE1359,olx_DL
gi1_a_car-wbs-HR26AZ5927_00000.png,test,HR26AZ5927,gi1_a
olx_TS_TS1.jpg,test,TS08FQ1262,olx_TS
olx_GJ_GJ12.jpg,test,GJ06PA0097,olx_GJ
gi_a_a970d6e0-5948-4412-a1ec-67c5240722a8___images-gallery-misc4-250x250.jpg.jpeg,test,HR26BA8008,gi_a
olx_JK_JK18.jpg,test,JK1182360,olx_JK
vi_a_video11_2210.jpg,test,MH47AV6753,vi_a
olx_CG_CG22.jpg,test,CG13AE4060,olx_CG
vi1_a_video3_1960.jpg,test,MH02ER9194,vi1_a
olx_PB_PB23.jpg,test,PB02CC7299,olx_PB
vi1_a_video4_2630.jpg,test,MH01BU1852,vi1_a
vi1_a_video3_1780.jpg,test,MH02BT6482,vi1_a
gi_a_712ecd95-753f-4d67-ae42-e8b5254e6e94___28iam53.jpg.jpeg,test,MH02BK9793,gi_a
olx_PB_PB8.jpg,test,PB10CQ0006,olx_PB
olx_UP_UP12.jpg,test,UP14CV7920,olx_UP
olx_DL_DL9.jpg,test,DL2CH8634,olx_DL
gi1_a_dfebb432-82cd-4154-b919-0d8be2c0d85a___5e4697c6f639f3f341b2feb170d72795af3fc998.jpg.jpeg,test,KL25B2001,gi1_a
olx_BR_BR5.jpg,test,BR01BE0777,olx_BR
gi1_a_car-wbs-TN45BA1065_00000.jpeg,test,TN45BA1065,gi1_a
gi1_a_f5bbb8da-dddd-47ae-a46c-15492f9cf752___3e7fd381-0ae5-4421-8a70-279ee0ec1c61_10187746544_0c0822790e.jpg,test,blur,gi1_a
gi_a_b78553c7-977e-49a2-b3d2-42825d83c8b0___1557297d1474517501-toyota-innova-crysta-official-review-20160920_191445.jpg.jpeg,test,KL01KL0KL01,gi_a
gi_a_7c6227ed-9e92-4062-9591-b172cb32ec10___3e7fd381-0ae5-4421-8a70-279ee0ec1c61_Honda-Jazz-Front-Number-Plates-Designs.jpg,test,TN42R2697,gi_a
vi1_a_video2_5270.jpg,test,MH02BT6482,vi1_a
vi1_a_video3_630.jpg,test,MH02ER9194,vi1_a
gi1_a_car-wbs-TN66U8215_00000.jpeg,test,TN66U8215,gi1_a
olx_AP_AP17.jpg,test,AP31TP2282,olx_AP
vi1_a_video9_150.jpg,test,MH01DT1917,vi1_a
vi1_a_video4_2310.jpg,test,MH01CT9150,vi1_a
olx_AS_AS26.jpg,test,AS06Z0841,olx_AS
vi1_a_video4_3520.jpg,test,MH02DJ8952,vi1_a
olx_PB_PB30.jpg,test,PB08DY4824,olx_PB
vi_a_video2_3560.jpg,test,MH02AQ2299,vi_a
olx_MP_MP7.jpg,test,MP09BD1270,olx_MP
olx_UP_UP1.jpg,test,UP57H8173,olx_UP
vi_a_video11_750.jpg,test,MH01AX3070,vi_a
olx_AR_AR7.jpg,test,AR02A7116,olx_AR
vi_a_video10_640.jpg,test,DL3CCQ0107,vi_a
gi1_a_car-wbs-MH03CB6467_00000.jpg,test,MH03CB6467,gi1_a
vi1_a_video4_2590.jpg,test,MH01BU1852,vi1_a
olx_CH_CH1.jpg,test,CH01BQ5604,olx_CH
vi1_a_video3_1850.jpg,test,MH02EU4077,vi1_a
vi1_a_video3_2240.jpg,test,MH02BT6482,vi1_a
olx_HP_HP9.jpg,test,HP23A6365,olx_HP
vi_a_video10_880.jpg,test,MH01AU0059,vi_a
vi_a_video11_4430.jpg,test,MH02MA5324,vi_a
olx_MN_MN5.jpg,test,MN01G5395,olx_MN
olx_JK_JK12.jpg,test,JK01AD3147,olx_JK
vi_a_video2_3730.jpg,test,MH47N2829,vi_a
gi_a_347c849b-6cfa-4edb-af1f-b29bdad25c4d___new_New-Volkswagen-Polo.jpg.jpeg,test,W0BNP300,gi_a
vi_a_car-wbs-MH43BU2401_00000.png,test,MH43BU2401,vi_a
vi1_a_video8_1890.jpg,test,MH02EH1077,vi1_a
vi_a_video11_4420.jpg,test,MH02MA5324,vi_a
olx_UP_UP8.jpg,test,UP16AJ0704,olx_UP
vi_a_video10_1080.jpg,test,MH03DV2010,vi_a
gi_a_4b669e6d-4eec-4f46-b502-f64ee0175947___new_1.jpg,test,MH14TC206AN,gi_a
vi_a_video11_1280.jpg,test,MH01DB1477,vi_a
olx_DL_DL7.jpg,test,DL12CK8643,olx_DL
vi_a_video11_1120.jpg,test,MH47Y1124,vi_a
olx_JK_JK1.jpg,test,JK02BF5058,olx_JK
olx_DL_DL2.jpg,test,DL6CR7002,olx_DL
olx_HR_HR10.jpg,test,HR26BY4812,olx_HR
vi_a_car-ybs-MH46AD5258_00001.png,test,MH46AD5258,vi_a
vi1_a_video9_130.jpg,test,MH01DT1917,vi1_a
vi1_a_video3_470.jpg,test,MH02EP5740,vi1_a
gi1_a_b9467810-4022-4cf5-87e7-fed0d63c8e2f___new_1658240d1500548920-close-look-2017-skoda-octavia-facelift-hands-free-parking-front-bumper.jpg.jpeg,test,MH20EE7597,gi1_a
olx_AR_AR4.jpg,test,AR01C5723,olx_AR
olx_GJ_GJ26.jpg,test,GJ09AG8384,olx_GJ
olx_CG_CG13.jpg,test,CG16B1802,olx_CG
gi1_a_car-wbs-MH20CS9817_00000.jpeg,test,MH20CS9817,gi1_a
olx_HR_HR6.jpg,test,HR26DJ8832,olx_HR
olx_GA_GA5.jpg,test,GA01E5947,olx_GA
gi_a_8187c22d-5fa4-4976-9c00-80b2ab66b97d___1290890d1411349145-take-look-number-plate-img_20140903_093600_hdr.jpg.jpeg,test,TS09EB1458,gi_a
olx_HP_HP8.jpg,test,HP719898,olx_HP
olx_DL_DL6.jpg,test,DL4CAM9066,olx_DL
olx_ML_ML17.jpg,test,ML05L5154,olx_ML
vi_a_video11_2010.jpg,test,MH02DQ0196,vi_a
olx_KL_KL5.jpg,test,KL34A7564,olx_KL
vi_a_video11_550.jpg,test,MH02DQ0196,vi_a
vi1_a_video8_130.jpg,test,MH12DG7144,vi1_a
vi1_a_video3_1080.jpg,test,MH02EE8407,vi1_a
gi1_a_car-wbs-TN42R2697_00000.jpg,test,TN42R2697,gi1_a
vi1_a_video4_3280.jpg,test,MH01AL9693,vi1_a
olx_HR_HR18.jpg,test,HR26DM2296,olx_HR
vi1_a_video4_2130.jpg,test,MH04DW9020,vi1_a
olx_MH_MH3.jpg,test,MH48AC6244,olx_MH
olx_MH_MH8.jpg,test,MH02DN7410,olx_MH
gi_a_6e772b68-a549-44e5-950e-4c376454c4e9___1557295d1474517501-toyota-innova-crysta-official-review-20160921_173216.jpg.jpeg,test,KL01KLKL01,gi_a
olx_UP_UP14.jpg,test,UP16BD4866,olx_UP
gi_a_1a0da3dc-6667-4092-bc2a-a541a06f1e90___3e7fd381-0ae5-4421-8a70-279ee0ec1c61_Nissan-Terrano9.jpg,test,KA04MN3622,gi_a
vi_a_video11_4770.jpg,test,MH03CP1328,vi_a
vi_a_video11_420.jpg,test,MH02CW8226,vi_a
olx_PY_PY13.jpg,test,PY01CG2929,olx_PY
gi_a_0b77e2a4-34db-486c-8d87-46186f5b7b88___3e7fd381-0ae5-4421-8a70-279ee0ec1c61_nissan-terrano-diesel-review-motorzest-04.jpg,test,TN21AT0479,gi_a
gi_a_2424211e-e6ba-4478-8ed1-6a04e25499c7___main-qimg-7673aeac86d0ef987deb837552c5dd4c-1.png,test,KA03AB3380,gi_a
olx_ML_ML21.jpg,test,ML05J3288,olx_ML
vi_a_video2_1490.jpg,test,DL8CN6308,vi_a
olx_AS_AS5.jpg,test,AS23H0770,olx_AS
vi1_a_video4_2290.jpg,test,MH01CT9150,vi1_a
olx_OD_OD26.jpg,test,OD021481,olx_OD
olx_BR_BR7.jpg,test,BR44E1206,olx_BR
vi_a_video12_80.jpg,test,MH02BG9542,vi_a
olx_JK_JK7.jpg,test,JK11B4928,olx_JK
gi_a_af270103-6ed4-4260-9d01-b8be2e2b9af1___skoda-rapid-1.5-tdi-dsg-review.jpg.jpeg,test,MH20DJ0419,gi_a
vi1_a_video3_2190.jpg,test,MH02BT6482,vi1_a
gi1_a_car-wbs-TN74AH1413_00000.jpeg,test,TN74AH1413,gi1_a
olx_CG_CG9.jpg,test,CG04HC4887,olx_CG
vi1_a_video2_4290.jpg,test,MH04HP6100,vi1_a
olx_GJ_GJ2.jpg,test,GJ15CB3980,olx_GJ
gi_a_b3e82163-400b-4211-bb99-a5b53fb13a25___new_IMG_8883.jpg.jpeg,test,MH20BY3665,gi_a
vi_a_video11_3250.jpg,test,MH02BQ9628,vi_a
olx_JH_JH10.jpg,test,JH02AD2533,olx_JH
vi1_a_video3_1820.jpg,test,MH02BT6482,vi1_a
vi1_a_video6_80.jpg,test,PB11AG0774,vi1_a
gi_a_a2f87691-b9f5-4274-ac5a-8764e9ba282c___1571669d1477648169-your-favourite-number-plate-font-13.jpg.jpeg,test,GJ05JD9759,gi_a
vi1_a_video2_4760.jpg,test,MH02BT6482,vi1_a
gi_a_07e787a7-6cc3-482c-9ce5-f0ce115b47f1___new_VW-Polo-GT-TSI-badges-on-the-boot-lid.jpg.jpeg,test,MH14DT8831,gi_a
olx_AR_AR2.jpg,test,AR01F2523,olx_AR
vi1_a_video2_4870.jpg,test,MH02BT6482,vi1_a
olx_AP_AP3.jpg,test,AP2D4014,olx_AP
vi_a_video11_2560.jpg,test,MH04JL5547,vi_a
gi1_a_car-wbs-UP32FH2653_00000.jpg,test,UP32FH2653,gi1_a
olx_UP_UP17.jpg,test,UP32CX3400,olx_UP
vi1_a_video3_1980.jpg,test,MH02ER9194,vi1_a
vi1_a_video3_550.jpg,test,MH02ER9194,vi1_a
olx_ML_ML33.jpg,test,ML04B8918,olx_ML
gi1_a_car-wbs-MH02BM5048_00000.jpeg,test,MH02BM5048,gi1_a
olx_AP_AP29.jpg,test,AP31DF2833,olx_AP
gi_a_88294212-f11c-46a7-a91a-04c9da19efa6___DSC_8221-L.jpg.jpeg,test,WB74X7605,gi_a
vi_a_video10_1200.jpg,test,MH05DS8679,vi_a
olx_PB_PB24.jpg,test,PB02DY7380,olx_PB
vi1_a_video8_1600.jpg,test,MH4705851,vi1_a
vi_a_video11_1350.jpg,test,MH01DB1477,vi_a
vi1_a_video2_4150.jpg,test,MH02BT6482,vi1_a
olx_UP_UP16.jpg,test,UP32KW7325,olx_UP
olx_ML_ML26.jpg,test,ML068346,olx_ML
olx_HP_HP16.jpg,test,HP302165,olx_HP
olx_MN_MN3.jpg,test,MN01G0297,olx_MN
vi_a_video2_2550.jpg,test,MH02EK5817,vi_a
olx_JK_JK15.jpg,test,JK02AJ1525,olx_JK
gi_a_936623d4-b47c-4da7-ab2e-6ac3cc63f861___new_216279d1481352986-silver-venom-mahindra-scorpio-s4-2016-ownership-review-wp_20161122_11_19_00_pro.jpg.jpeg,test,TN74AL5074,gi_a
olx_JH_JH12.jpg,test,JH01AX5392,olx_JH
vi1_a_video4_2620.jpg,test,MH01BU1852,vi1_a
vi_a_video10_850.jpg,test,MH01AU0059,vi_a
vi_a_video11_2690.jpg,test,MH03BS4060,vi_a
gi_a_6ed8b283-5cf5-4727-9969-c79f70f47e80___2-cars-same-numbers.jpg.jpeg,test,RJ27TA1143,gi_a
gi_a_4434b404-dd10-4150-b226-b76b6ef95e43___new_224489195_8_1000x700_skoda-superb-2010-.jpg.jpeg,test,KL01AX8000,gi_a
gi_a_3fd93f90-f778-4f14-8b0f-67dd0be88a06___561644d1308248087-beware-fake-registration-numbers-imported-cars-proof-pg-3-257491_10150223034216705_685851704_7325894_6_-_Copy.jpeg,test,WB06F9209,gi_a
vi1_a_video2_410.jpg,test,MH02DN8718,vi1_a
olx_PB_PB21.jpg,test,PB37A8269,olx_PB
gi_a_2430703d-0fb3-4eb2-9765-4f9301f232cd___3e7fd381-0ae5-4421-8a70-279ee0ec1c61_Terrano-Duster-Rear-Comparison.jpg,test,TERRANO,gi_a
olx_TN_TN5.jpg,test,TN47T4464,olx_TN
olx_KA_KA2.jpg,test,KA05MF1762,olx_KA
olx_DL_DL18.jpg,test,DL1CS8739,olx_DL
gi_a_658af519-5290-4ae5-8dd6-694bab9aa458___3e7fd381-0ae5-4421-8a70-279ee0ec1c61_848765390_1_1080x720_nissan-terrano-xl-d-plus-2014-diesel-coimbatore.jpg,test,TN59BE0939,gi_a
olx_GJ_GJ22.jpg,test,GJ18BD5216,olx_GJ
gi1_a_car-wbs-TN59BE0939_00000.jpg,test,TN59BE0939,gi1_a
vi_a_video11_3300.jpg,test,MH05DK1018,vi_a
vi_a_video10_1210.jpg,test,MH05DS8679,vi_a
vi_a_video11_3640.jpg,test,MH03AT3856,vi_a
olx_KA_KA10.jpg,test,KA04MG7528,olx_KA
gi_a_7073bd18-c0bf-47da-9e43-8c9d27831f11___new_Skoda-Laura-rear.jpg.jpeg,test,MH01AR5274,gi_a
gi1_a_d16041c1-831d-4cc9-8869-68be8b6e12d7___slider-new-2.jpg.jpeg,test,KL12G7531,gi1_a
olx_HR_HR17.jpg,test,HR26BK8597,olx_HR
